<?xml version="1.0" encoding="UTF-8"?>
<export version="D">
  <design>
    <source>/home/hal/KiCAD/Z180_computer/Z180_computer.sch</source>
    <date>tis  3 aug 2021 17:46:26</date>
    <tool>Eeschema 5.1.5+dfsg1-2build2</tool>
    <sheet number="1" name="/" tstamps="/">
      <title_block>
        <title>Z180 Computer</title>
        <company/>
        <rev>1.6</rev>
        <date>2021-08-03</date>
        <source>Z180_computer.sch</source>
        <comment number="1" value=""/>
        <comment number="2" value=""/>
        <comment number="3" value=""/>
        <comment number="4" value=""/>
      </title_block>
    </sheet>
  </design>
  <components>
    <comp ref="IC1">
      <value>Z8018010VSC</value>
      <footprint>Package_LCC:PLCC-68</footprint>
      <datasheet>http://www.mouser.com/ds/2/450/z8s180ps-28828.pdf</datasheet>
      <fields>
        <field name="Allied Price/Stock">https://www.alliedelec.com/zilog-z8s18033vsg/R1000023/</field>
        <field name="Allied_Number">R1000023</field>
        <field name="Description">Zilog Z8S180 &amp; Z8L180, Z80 Microprocessor Z180 8bit CISC 68-Pin PLCC</field>
        <field name="Height">4.57</field>
        <field name="Manufacturer_Name">Zilog</field>
        <field name="Manufacturer_Part_Number">Z8S18033VSG</field>
        <field name="Mouser Part Number">692-Z8S18033VSG</field>
        <field name="Mouser Price/Stock">https://www.mouser.com/Search/Refine.aspx?Keyword=692-Z8S18033VSG</field>
        <field name="RS Part Number">6259270</field>
        <field name="RS Price/Stock">http://uk.rs-online.com/web/p/products/6259270</field>
      </fields>
      <libsource lib="Zilog_Z180" part="Z8-L180-S180-180-PLCC-68" description="Zilog Z8S180 &amp; Z8L180, Z80 Microprocessor Z180 8bit CISC 68-Pin PLCC"/>
      <sheetpath names="/" tstamps="/"/>
      <tstamp>60E07EF5</tstamp>
    </comp>
    <comp ref="U5">
      <value>ATF22V10C</value>
      <footprint>Package_DIP:DIP-24_W7.62mm_LongPads</footprint>
      <datasheet>https://ww1.microchip.com/downloads/en/DeviceDoc/doc0735.pdf</datasheet>
      <libsource lib="ATF" part="ATF22V10C" description="Programmable Logic Array, DIP-24"/>
      <sheetpath names="/" tstamps="/"/>
      <tstamp>60E23C56</tstamp>
    </comp>
    <comp ref="U3">
      <value>AS6C4008-55PCN</value>
      <footprint>Package_DIP:DIP-32_W15.24mm</footprint>
      <datasheet>https://www.alliancememory.com/wp-content/uploads/pdf/AS6C4008.pdf</datasheet>
      <libsource lib="Memory_RAM" part="AS6C4008-55PCN" description="512K x 8 Low Power CMOS RAM, DIP-32"/>
      <sheetpath names="/" tstamps="/"/>
      <tstamp>60E1D1D1</tstamp>
    </comp>
    <comp ref="U2">
      <value>AS6C4008-55PCN</value>
      <footprint>Package_DIP:DIP-32_W15.24mm</footprint>
      <datasheet>https://www.alliancememory.com/wp-content/uploads/pdf/AS6C4008.pdf</datasheet>
      <libsource lib="Memory_RAM" part="AS6C4008-55PCN" description="512K x 8 Low Power CMOS RAM, DIP-32"/>
      <sheetpath names="/" tstamps="/"/>
      <tstamp>60E20700</tstamp>
    </comp>
    <comp ref="U7">
      <value>MAX232</value>
      <footprint>Package_DIP:DIP-16_W7.62mm</footprint>
      <datasheet>http://www.ti.com/lit/ds/symlink/max232.pdf</datasheet>
      <libsource lib="Interface_UART" part="MAX232" description="Dual RS232 driver/receiver, 5V supply, 120kb/s, 0C-70C"/>
      <sheetpath names="/" tstamps="/"/>
      <tstamp>60E26CE2</tstamp>
    </comp>
    <comp ref="U6">
      <value>MAX232</value>
      <footprint>Package_DIP:DIP-16_W7.62mm</footprint>
      <datasheet>http://www.ti.com/lit/ds/symlink/max232.pdf</datasheet>
      <libsource lib="Interface_UART" part="MAX232" description="Dual RS232 driver/receiver, 5V supply, 120kb/s, 0C-70C"/>
      <sheetpath names="/" tstamps="/"/>
      <tstamp>60E2818E</tstamp>
    </comp>
    <comp ref="U1">
      <value>M27C2001-10F1</value>
      <footprint>Package_DIP:DIP-32_W15.24mm</footprint>
      <fields>
        <field name="MPN">M27C2001-10F1</field>
        <field name="OC_FARNELL">1334081</field>
        <field name="OC_NEWARK">50M4293</field>
        <field name="PACKAGE">FDIP-32</field>
        <field name="SUPPLIER">STMicroelectronics</field>
      </fields>
      <libsource lib="m27c2001-10f1-m27c2001-10f1" part="M27C2001-10F1-M27C2001-10F1" description=""/>
      <sheetpath names="/" tstamps="/"/>
      <tstamp>60E3092A</tstamp>
    </comp>
    <comp ref="Y1">
      <value>XTAL 18.432 MHz</value>
      <footprint>Crystal:Crystal_HC49-U_Vertical</footprint>
      <datasheet>~</datasheet>
      <libsource lib="Device" part="Crystal" description="Two pin crystal"/>
      <sheetpath names="/" tstamps="/"/>
      <tstamp>60EC02C4</tstamp>
    </comp>
    <comp ref="C1">
      <value>22 pF</value>
      <footprint>Capacitor_THT:C_Disc_D5.0mm_W2.5mm_P2.50mm</footprint>
      <datasheet>~</datasheet>
      <libsource lib="Device" part="C_Small" description="Unpolarized capacitor, small symbol"/>
      <sheetpath names="/" tstamps="/"/>
      <tstamp>60E5CC68</tstamp>
    </comp>
    <comp ref="C2">
      <value>22 pF</value>
      <footprint>Capacitor_THT:C_Disc_D5.0mm_W2.5mm_P2.50mm</footprint>
      <datasheet>~</datasheet>
      <libsource lib="Device" part="C_Small" description="Unpolarized capacitor, small symbol"/>
      <sheetpath names="/" tstamps="/"/>
      <tstamp>60E5FDCF</tstamp>
    </comp>
    <comp ref="U10">
      <value>74LS74</value>
      <footprint>Package_DIP:DIP-14_W7.62mm</footprint>
      <datasheet>74xx/74hc_hct74.pdf</datasheet>
      <libsource lib="74xx" part="74LS74" description="Dual D Flip-flop, Set &amp; Reset"/>
      <sheetpath names="/" tstamps="/"/>
      <tstamp>60E82C0D</tstamp>
    </comp>
    <comp ref="U9">
      <value>74LS74</value>
      <footprint>Package_DIP:DIP-14_W7.62mm</footprint>
      <datasheet>74xx/74hc_hct74.pdf</datasheet>
      <libsource lib="74xx" part="74LS74" description="Dual D Flip-flop, Set &amp; Reset"/>
      <sheetpath names="/" tstamps="/"/>
      <tstamp>60EA2985</tstamp>
    </comp>
    <comp ref="Y2">
      <value>XTAL 16 MHz</value>
      <footprint>Crystal:Crystal_HC49-U_Vertical</footprint>
      <datasheet>~</datasheet>
      <libsource lib="Device" part="Crystal" description="Two pin crystal"/>
      <sheetpath names="/" tstamps="/"/>
      <tstamp>612BC2F9</tstamp>
    </comp>
    <comp ref="C3">
      <value>22 pF</value>
      <footprint>Capacitor_THT:C_Disc_D5.0mm_W2.5mm_P2.50mm</footprint>
      <datasheet>~</datasheet>
      <libsource lib="Device" part="C_Small" description="Unpolarized capacitor, small symbol"/>
      <sheetpath names="/" tstamps="/"/>
      <tstamp>612BC304</tstamp>
    </comp>
    <comp ref="C4">
      <value>22 pF</value>
      <footprint>Capacitor_THT:C_Disc_D5.0mm_W2.5mm_P2.50mm</footprint>
      <datasheet>~</datasheet>
      <libsource lib="Device" part="C_Small" description="Unpolarized capacitor, small symbol"/>
      <sheetpath names="/" tstamps="/"/>
      <tstamp>612BC30E</tstamp>
    </comp>
    <comp ref="C6">
      <value>1uF</value>
      <footprint>Capacitor_THT:C_Disc_D4.3mm_W1.9mm_P5.00mm</footprint>
      <datasheet>~</datasheet>
      <libsource lib="Device" part="C_Small" description="Unpolarized capacitor, small symbol"/>
      <sheetpath names="/" tstamps="/"/>
      <tstamp>6222A12B</tstamp>
    </comp>
    <comp ref="C8">
      <value>1uF</value>
      <footprint>Capacitor_THT:C_Disc_D4.3mm_W1.9mm_P5.00mm</footprint>
      <datasheet>~</datasheet>
      <libsource lib="Device" part="C_Small" description="Unpolarized capacitor, small symbol"/>
      <sheetpath names="/" tstamps="/"/>
      <tstamp>6222B23D</tstamp>
    </comp>
    <comp ref="C7">
      <value>1uF</value>
      <footprint>Capacitor_THT:C_Disc_D4.3mm_W1.9mm_P5.00mm</footprint>
      <datasheet>~</datasheet>
      <libsource lib="Device" part="C_Small" description="Unpolarized capacitor, small symbol"/>
      <sheetpath names="/" tstamps="/"/>
      <tstamp>6222BBE1</tstamp>
    </comp>
    <comp ref="C5">
      <value>1uF</value>
      <footprint>Capacitor_THT:C_Disc_D4.3mm_W1.9mm_P5.00mm</footprint>
      <datasheet>~</datasheet>
      <libsource lib="Device" part="C_Small" description="Unpolarized capacitor, small symbol"/>
      <sheetpath names="/" tstamps="/"/>
      <tstamp>6222CEC5</tstamp>
    </comp>
    <comp ref="C11">
      <value>1uF</value>
      <footprint>Capacitor_THT:C_Disc_D4.3mm_W1.9mm_P5.00mm</footprint>
      <datasheet>~</datasheet>
      <libsource lib="Device" part="C_Small" description="Unpolarized capacitor, small symbol"/>
      <sheetpath names="/" tstamps="/"/>
      <tstamp>622719B3</tstamp>
    </comp>
    <comp ref="C9">
      <value>1uF</value>
      <footprint>Capacitor_THT:C_Disc_D4.3mm_W1.9mm_P5.00mm</footprint>
      <datasheet>~</datasheet>
      <libsource lib="Device" part="C_Small" description="Unpolarized capacitor, small symbol"/>
      <sheetpath names="/" tstamps="/"/>
      <tstamp>62272FEF</tstamp>
    </comp>
    <comp ref="C10">
      <value>1uF</value>
      <footprint>Capacitor_THT:C_Disc_D4.3mm_W1.9mm_P5.00mm</footprint>
      <datasheet>~</datasheet>
      <libsource lib="Device" part="C_Small" description="Unpolarized capacitor, small symbol"/>
      <sheetpath names="/" tstamps="/"/>
      <tstamp>622740F8</tstamp>
    </comp>
    <comp ref="J2">
      <value>SD_CARD_1</value>
      <footprint>Connector_PinSocket_2.54mm:PinSocket_1x06_P2.54mm_Vertical</footprint>
      <datasheet>~</datasheet>
      <libsource lib="Connector" part="Conn_01x06_Female" description="Generic connector, single row, 01x06, script generated (kicad-library-utils/schlib/autogen/connector/)"/>
      <sheetpath names="/" tstamps="/"/>
      <tstamp>625BF004</tstamp>
    </comp>
    <comp ref="J1">
      <value>SD_Card_0</value>
      <footprint>Connector_PinSocket_2.54mm:PinSocket_1x06_P2.54mm_Vertical</footprint>
      <datasheet>~</datasheet>
      <libsource lib="Connector" part="Conn_01x06_Female" description="Generic connector, single row, 01x06, script generated (kicad-library-utils/schlib/autogen/connector/)"/>
      <sheetpath names="/" tstamps="/"/>
      <tstamp>625C16ED</tstamp>
    </comp>
    <comp ref="C13">
      <value>100nF</value>
      <footprint>Capacitor_THT:C_Disc_D4.3mm_W1.9mm_P5.00mm</footprint>
      <datasheet>~</datasheet>
      <libsource lib="Device" part="C_Small" description="Unpolarized capacitor, small symbol"/>
      <sheetpath names="/" tstamps="/"/>
      <tstamp>626A69D4</tstamp>
    </comp>
    <comp ref="J3">
      <value>Conn_to_9_pin_Dsub</value>
      <footprint>Connector_IDC:IDC-Header_2x05_P2.54mm_Vertical</footprint>
      <datasheet>~</datasheet>
      <libsource lib="Connector_Generic" part="Conn_02x05_Odd_Even" description="Generic connector, double row, 02x05, odd/even pin numbering scheme (row 1 odd numbers, row 2 even numbers), script generated (kicad-library-utils/schlib/autogen/connector/)"/>
      <sheetpath names="/" tstamps="/"/>
      <tstamp>60F3DA68</tstamp>
    </comp>
    <comp ref="C12">
      <value>1uF</value>
      <footprint>Capacitor_THT:C_Disc_D4.3mm_W1.9mm_P5.00mm</footprint>
      <datasheet>~</datasheet>
      <libsource lib="Device" part="C_Small" description="Unpolarized capacitor, small symbol"/>
      <sheetpath names="/" tstamps="/"/>
      <tstamp>62274DB5</tstamp>
    </comp>
    <comp ref="J4">
      <value>Conn_to_9_pin_Dsub</value>
      <footprint>Connector_IDC:IDC-Header_2x05_P2.54mm_Vertical</footprint>
      <datasheet>~</datasheet>
      <libsource lib="Connector_Generic" part="Conn_02x05_Odd_Even" description="Generic connector, double row, 02x05, odd/even pin numbering scheme (row 1 odd numbers, row 2 even numbers), script generated (kicad-library-utils/schlib/autogen/connector/)"/>
      <sheetpath names="/" tstamps="/"/>
      <tstamp>61222F47</tstamp>
    </comp>
    <comp ref="J7">
      <value>Conn_01x06</value>
      <footprint>Connector_PinSocket_2.54mm:PinSocket_1x06_P2.54mm_Vertical</footprint>
      <datasheet>~</datasheet>
      <libsource lib="Connector" part="Conn_01x06_Female" description="Generic connector, single row, 01x06, script generated (kicad-library-utils/schlib/autogen/connector/)"/>
      <sheetpath names="/" tstamps="/"/>
      <tstamp>613A3889</tstamp>
    </comp>
    <comp ref="J8">
      <value>Conn_01x08</value>
      <footprint>Connector_PinSocket_2.54mm:PinSocket_1x08_P2.54mm_Vertical</footprint>
      <datasheet>~</datasheet>
      <libsource lib="Connector" part="Conn_01x08_Female" description="Generic connector, single row, 01x08, script generated (kicad-library-utils/schlib/autogen/connector/)"/>
      <sheetpath names="/" tstamps="/"/>
      <tstamp>616284B5</tstamp>
    </comp>
    <comp ref="J6">
      <value>Conn_01x10</value>
      <footprint>Connector_PinSocket_2.54mm:PinSocket_1x10_P2.54mm_Vertical</footprint>
      <datasheet>~</datasheet>
      <libsource lib="Connector" part="Conn_01x10_Female" description="Generic connector, single row, 01x10, script generated (kicad-library-utils/schlib/autogen/connector/)"/>
      <sheetpath names="/" tstamps="/"/>
      <tstamp>618688FE</tstamp>
    </comp>
    <comp ref="J5">
      <value>Conn_01x08</value>
      <footprint>Connector_PinSocket_2.54mm:PinSocket_1x08_P2.54mm_Vertical</footprint>
      <datasheet>~</datasheet>
      <libsource lib="Connector" part="Conn_01x08_Female" description="Generic connector, single row, 01x08, script generated (kicad-library-utils/schlib/autogen/connector/)"/>
      <sheetpath names="/" tstamps="/"/>
      <tstamp>6237DCB6</tstamp>
    </comp>
    <comp ref="JP3">
      <value>Jumper</value>
      <footprint>Connector_PinHeader_2.54mm:PinHeader_1x02_P2.54mm_Vertical</footprint>
      <datasheet>~</datasheet>
      <libsource lib="Device" part="Jumper_NC_Small" description="Jumper, normally closed, small symbol"/>
      <sheetpath names="/" tstamps="/"/>
      <tstamp>6284DD20</tstamp>
    </comp>
    <comp ref="JP4">
      <value>Jumper</value>
      <footprint>Connector_PinHeader_2.54mm:PinHeader_1x02_P2.54mm_Vertical</footprint>
      <datasheet>~</datasheet>
      <libsource lib="Device" part="Jumper_NC_Small" description="Jumper, normally closed, small symbol"/>
      <sheetpath names="/" tstamps="/"/>
      <tstamp>628BFF17</tstamp>
    </comp>
    <comp ref="JP5">
      <value>Jumper</value>
      <footprint>Connector_PinHeader_2.54mm:PinHeader_1x02_P2.54mm_Vertical</footprint>
      <datasheet>~</datasheet>
      <libsource lib="Device" part="Jumper_NC_Small" description="Jumper, normally closed, small symbol"/>
      <sheetpath names="/" tstamps="/"/>
      <tstamp>628C06EC</tstamp>
    </comp>
    <comp ref="JP6">
      <value>Jumper</value>
      <footprint>Connector_PinHeader_2.54mm:PinHeader_1x02_P2.54mm_Vertical</footprint>
      <datasheet>~</datasheet>
      <libsource lib="Device" part="Jumper_NC_Small" description="Jumper, normally closed, small symbol"/>
      <sheetpath names="/" tstamps="/"/>
      <tstamp>628C0EF5</tstamp>
    </comp>
    <comp ref="R2">
      <value>1k</value>
      <footprint>Resistor_THT:R_Axial_DIN0204_L3.6mm_D1.6mm_P2.54mm_Vertical</footprint>
      <datasheet>~</datasheet>
      <libsource lib="Device" part="R_Small" description="Resistor, small symbol"/>
      <sheetpath names="/" tstamps="/"/>
      <tstamp>60F0507F</tstamp>
    </comp>
    <comp ref="R3">
      <value>1k</value>
      <footprint>Resistor_THT:R_Axial_DIN0204_L3.6mm_D1.6mm_P2.54mm_Vertical</footprint>
      <datasheet>~</datasheet>
      <libsource lib="Device" part="R_Small" description="Resistor, small symbol"/>
      <sheetpath names="/" tstamps="/"/>
      <tstamp>60F06F82</tstamp>
    </comp>
    <comp ref="C21">
      <value>100nF</value>
      <footprint>Capacitor_THT:C_Disc_D5.0mm_W2.5mm_P2.50mm</footprint>
      <datasheet>~</datasheet>
      <libsource lib="Device" part="C_Small" description="Unpolarized capacitor, small symbol"/>
      <sheetpath names="/" tstamps="/"/>
      <tstamp>610987EA</tstamp>
    </comp>
    <comp ref="C19">
      <value>100nF</value>
      <footprint>Capacitor_THT:C_Disc_D5.0mm_W2.5mm_P2.50mm</footprint>
      <datasheet>~</datasheet>
      <libsource lib="Device" part="C_Small" description="Unpolarized capacitor, small symbol"/>
      <sheetpath names="/" tstamps="/"/>
      <tstamp>61097D95</tstamp>
    </comp>
    <comp ref="C17">
      <value>100nF</value>
      <footprint>Capacitor_THT:C_Disc_D5.0mm_W2.5mm_P2.50mm</footprint>
      <datasheet>~</datasheet>
      <libsource lib="Device" part="C_Small" description="Unpolarized capacitor, small symbol"/>
      <sheetpath names="/" tstamps="/"/>
      <tstamp>610973EE</tstamp>
    </comp>
    <comp ref="C15">
      <value>100nF</value>
      <footprint>Capacitor_THT:C_Disc_D5.0mm_W2.5mm_P2.50mm</footprint>
      <datasheet>~</datasheet>
      <libsource lib="Device" part="C_Small" description="Unpolarized capacitor, small symbol"/>
      <sheetpath names="/" tstamps="/"/>
      <tstamp>61096765</tstamp>
    </comp>
    <comp ref="C14">
      <value>100nF</value>
      <footprint>Capacitor_THT:C_Disc_D5.0mm_W2.5mm_P2.50mm</footprint>
      <datasheet>~</datasheet>
      <libsource lib="Device" part="C_Small" description="Unpolarized capacitor, small symbol"/>
      <sheetpath names="/" tstamps="/"/>
      <tstamp>610665E6</tstamp>
    </comp>
    <comp ref="C23">
      <value>100nF</value>
      <footprint>Capacitor_THT:C_Disc_D5.0mm_W2.5mm_P2.50mm</footprint>
      <datasheet>~</datasheet>
      <libsource lib="Device" part="C_Small" description="Unpolarized capacitor, small symbol"/>
      <sheetpath names="/" tstamps="/"/>
      <tstamp>61139DEC</tstamp>
    </comp>
    <comp ref="C22">
      <value>100nF</value>
      <footprint>Capacitor_THT:C_Disc_D5.0mm_W2.5mm_P2.50mm</footprint>
      <datasheet>~</datasheet>
      <libsource lib="Device" part="C_Small" description="Unpolarized capacitor, small symbol"/>
      <sheetpath names="/" tstamps="/"/>
      <tstamp>61139DF6</tstamp>
    </comp>
    <comp ref="C20">
      <value>100nF</value>
      <footprint>Capacitor_THT:C_Disc_D5.0mm_W2.5mm_P2.50mm</footprint>
      <datasheet>~</datasheet>
      <libsource lib="Device" part="C_Small" description="Unpolarized capacitor, small symbol"/>
      <sheetpath names="/" tstamps="/"/>
      <tstamp>61139E00</tstamp>
    </comp>
    <comp ref="C18">
      <value>100nF</value>
      <footprint>Capacitor_THT:C_Disc_D5.0mm_W2.5mm_P2.50mm</footprint>
      <datasheet>~</datasheet>
      <libsource lib="Device" part="C_Small" description="Unpolarized capacitor, small symbol"/>
      <sheetpath names="/" tstamps="/"/>
      <tstamp>61139E0A</tstamp>
    </comp>
    <comp ref="C16">
      <value>100nF</value>
      <footprint>Capacitor_THT:C_Disc_D5.0mm_W2.5mm_P2.50mm</footprint>
      <datasheet>~</datasheet>
      <libsource lib="Device" part="C_Small" description="Unpolarized capacitor, small symbol"/>
      <sheetpath names="/" tstamps="/"/>
      <tstamp>61139E14</tstamp>
    </comp>
    <comp ref="J9">
      <value>Screw_Terminal</value>
      <footprint>TerminalBlock:TerminalBlock_Altech_AK300-2_P5.00mm</footprint>
      <datasheet>~</datasheet>
      <libsource lib="Connector" part="Screw_Terminal_01x02" description="Generic screw terminal, single row, 01x02, script generated (kicad-library-utils/schlib/autogen/connector/)"/>
      <sheetpath names="/" tstamps="/"/>
      <tstamp>61184F5E</tstamp>
    </comp>
    <comp ref="C24">
      <value>100uF</value>
      <footprint>Capacitor_THT:CP_Radial_D7.5mm_P2.50mm</footprint>
      <datasheet>~</datasheet>
      <libsource lib="Device" part="CP_Small" description="Polarized capacitor, small symbol"/>
      <sheetpath names="/" tstamps="/"/>
      <tstamp>61185B52</tstamp>
    </comp>
    <comp ref="JP1">
      <value>Tx_jumper</value>
      <footprint>Connector_PinHeader_2.54mm:PinHeader_1x04_P2.54mm_Vertical</footprint>
      <datasheet>~</datasheet>
      <libsource lib="Jumper4" part="Jumper_4_Bridged" description="Jumper, 3-pole, pins 1+2 closed/bridged"/>
      <sheetpath names="/" tstamps="/"/>
      <tstamp>60FFD277</tstamp>
    </comp>
    <comp ref="JP2">
      <value>Rx_jumper</value>
      <footprint>Connector_PinHeader_2.54mm:PinHeader_1x04_P2.54mm_Vertical</footprint>
      <datasheet>~</datasheet>
      <libsource lib="Jumper4" part="Jumper_4_Bridged" description="Jumper, 3-pole, pins 1+2 closed/bridged"/>
      <sheetpath names="/" tstamps="/"/>
      <tstamp>6103DC04</tstamp>
    </comp>
    <comp ref="J10">
      <value>Conn_02x03</value>
      <footprint>Connector_PinHeader_2.54mm:PinHeader_2x03_P2.54mm_Vertical</footprint>
      <datasheet>~</datasheet>
      <libsource lib="Connector_Generic" part="Conn_02x03_Odd_Even" description="Generic connector, double row, 02x03, odd/even pin numbering scheme (row 1 odd numbers, row 2 even numbers), script generated (kicad-library-utils/schlib/autogen/connector/)"/>
      <sheetpath names="/" tstamps="/"/>
      <tstamp>60F6638E</tstamp>
    </comp>
    <comp ref="JP7">
      <value>Jumper</value>
      <footprint>Connector_PinHeader_2.54mm:PinHeader_1x03_P2.54mm_Vertical</footprint>
      <datasheet>~</datasheet>
      <libsource lib="Jumper" part="Jumper_3_Bridged12" description="Jumper, 3-pole, pins 1+2 closed/bridged"/>
      <sheetpath names="/" tstamps="/"/>
      <tstamp>61021E15</tstamp>
    </comp>
    <comp ref="J11">
      <value>Conn</value>
      <footprint>Connector_PinHeader_2.54mm:PinHeader_1x02_P2.54mm_Vertical</footprint>
      <datasheet>~</datasheet>
      <libsource lib="Connector" part="Conn_01x02_Male" description="Generic connector, single row, 01x02, script generated (kicad-library-utils/schlib/autogen/connector/)"/>
      <sheetpath names="/" tstamps="/"/>
      <tstamp>60F6F485</tstamp>
    </comp>
    <comp ref="C25">
      <value>1uF</value>
      <footprint>Capacitor_THT:C_Disc_D4.3mm_W1.9mm_P5.00mm</footprint>
      <datasheet>~</datasheet>
      <libsource lib="Device" part="C_Small" description="Unpolarized capacitor, small symbol"/>
      <sheetpath names="/" tstamps="/"/>
      <tstamp>60FE74F4</tstamp>
    </comp>
    <comp ref="R5">
      <value>1k</value>
      <footprint>Resistor_THT:R_Axial_DIN0204_L3.6mm_D1.6mm_P5.08mm_Horizontal</footprint>
      <datasheet>~</datasheet>
      <libsource lib="Device" part="R" description="Resistor"/>
      <sheetpath names="/" tstamps="/"/>
      <tstamp>61280D0E</tstamp>
    </comp>
    <comp ref="D2">
      <value>LED</value>
      <footprint>LED_THT:LED_D3.0mm</footprint>
      <datasheet>~</datasheet>
      <libsource lib="Device" part="LED" description="Light emitting diode"/>
      <sheetpath names="/" tstamps="/"/>
      <tstamp>61280D18</tstamp>
    </comp>
    <comp ref="R4">
      <value>1k</value>
      <footprint>Resistor_THT:R_Axial_DIN0204_L3.6mm_D1.6mm_P5.08mm_Horizontal</footprint>
      <datasheet>~</datasheet>
      <libsource lib="Device" part="R" description="Resistor"/>
      <sheetpath names="/" tstamps="/"/>
      <tstamp>613445FF</tstamp>
    </comp>
    <comp ref="U4">
      <value>MCP130-450FITO</value>
      <footprint>Package_TO_SOT_THT:TO-92_Inline</footprint>
      <datasheet>http://ww1.microchip.com/downloads/en/DeviceDoc/11184d.pdf</datasheet>
      <libsource lib="Power_Supervisor" part="MCP130-xxxFxTO" description="Microcontroller supervisory circuit with internal 5 kΩ pull-up, TO-92"/>
      <sheetpath names="/" tstamps="/"/>
      <tstamp>60FCB62D</tstamp>
    </comp>
    <comp ref="Q1">
      <value>BC182</value>
      <footprint>Package_TO_SOT_THT:TO-92</footprint>
      <datasheet>http://www.farnell.com/datasheets/296634.pdf</datasheet>
      <libsource lib="Transistor_BJT" part="BC140" description="1A Ic, 40V Vce, NPN Transistor, TO-39"/>
      <sheetpath names="/" tstamps="/"/>
      <tstamp>611463BA</tstamp>
    </comp>
    <comp ref="R6">
      <value>10k</value>
      <footprint>Resistor_THT:R_Axial_DIN0204_L3.6mm_D1.6mm_P5.08mm_Horizontal</footprint>
      <datasheet>~</datasheet>
      <libsource lib="Device" part="R" description="Resistor"/>
      <sheetpath names="/" tstamps="/"/>
      <tstamp>612E4940</tstamp>
    </comp>
    <comp ref="R7">
      <value>10k</value>
      <footprint>Resistor_THT:R_Axial_DIN0204_L3.6mm_D1.6mm_P5.08mm_Horizontal</footprint>
      <datasheet>~</datasheet>
      <libsource lib="Device" part="R" description="Resistor"/>
      <sheetpath names="/" tstamps="/"/>
      <tstamp>6131B17E</tstamp>
    </comp>
    <comp ref="C26">
      <value>100nF</value>
      <footprint>Capacitor_THT:C_Disc_D5.0mm_W2.5mm_P2.50mm</footprint>
      <datasheet>~</datasheet>
      <libsource lib="Device" part="C_Small" description="Unpolarized capacitor, small symbol"/>
      <sheetpath names="/" tstamps="/"/>
      <tstamp>612DD137</tstamp>
    </comp>
    <comp ref="JP8">
      <value>Res_sel</value>
      <footprint>Connector_PinHeader_2.54mm:PinHeader_1x03_P2.54mm_Vertical</footprint>
      <datasheet>~</datasheet>
      <libsource lib="Jumper" part="Jumper_3_Bridged12" description="Jumper, 3-pole, pins 1+2 closed/bridged"/>
      <sheetpath names="/" tstamps="/"/>
      <tstamp>61428711</tstamp>
    </comp>
    <comp ref="C27">
      <value>100nF</value>
      <footprint>Capacitor_THT:C_Disc_D5.0mm_W2.5mm_P2.50mm</footprint>
      <datasheet>~</datasheet>
      <libsource lib="Device" part="C_Small" description="Unpolarized capacitor, small symbol"/>
      <sheetpath names="/" tstamps="/"/>
      <tstamp>614E1D5B</tstamp>
    </comp>
    <comp ref="C28">
      <value>1uF</value>
      <footprint>Capacitor_THT:C_Disc_D4.3mm_W1.9mm_P5.00mm</footprint>
      <datasheet>~</datasheet>
      <libsource lib="Device" part="C_Small" description="Unpolarized capacitor, small symbol"/>
      <sheetpath names="/" tstamps="/"/>
      <tstamp>612F26D2</tstamp>
    </comp>
    <comp ref="D1">
      <value>LED</value>
      <footprint>LED_THT:LED_D3.0mm</footprint>
      <datasheet>~</datasheet>
      <libsource lib="Device" part="LED" description="Light emitting diode"/>
      <sheetpath names="/" tstamps="/"/>
      <tstamp>61A9EBE7</tstamp>
    </comp>
    <comp ref="R1">
      <value>1k</value>
      <footprint>Resistor_THT:R_Axial_DIN0204_L3.6mm_D1.6mm_P5.08mm_Horizontal</footprint>
      <datasheet>~</datasheet>
      <libsource lib="Device" part="R" description="Resistor"/>
      <sheetpath names="/" tstamps="/"/>
      <tstamp>61A9D01F</tstamp>
    </comp>
    <comp ref="D3">
      <value>LED</value>
      <footprint>LED_THT:LED_D3.0mm</footprint>
      <datasheet>~</datasheet>
      <libsource lib="Device" part="LED" description="Light emitting diode"/>
      <sheetpath names="/" tstamps="/"/>
      <tstamp>6110C033</tstamp>
    </comp>
    <comp ref="R9">
      <value>1k</value>
      <footprint>Resistor_THT:R_Axial_DIN0204_L3.6mm_D1.6mm_P5.08mm_Horizontal</footprint>
      <datasheet>~</datasheet>
      <libsource lib="Device" part="R" description="Resistor"/>
      <sheetpath names="/" tstamps="/"/>
      <tstamp>6110C03D</tstamp>
    </comp>
    <comp ref="R10">
      <value>10k</value>
      <footprint>Resistor_THT:R_Axial_DIN0204_L3.6mm_D1.6mm_P5.08mm_Horizontal</footprint>
      <datasheet>~</datasheet>
      <libsource lib="Device" part="R" description="Resistor"/>
      <sheetpath names="/" tstamps="/"/>
      <tstamp>61387C58</tstamp>
    </comp>
    <comp ref="C29">
      <value>100nF</value>
      <footprint>Capacitor_THT:C_Disc_D5.0mm_W2.5mm_P2.50mm</footprint>
      <datasheet>~</datasheet>
      <libsource lib="Device" part="C_Small" description="Unpolarized capacitor, small symbol"/>
      <sheetpath names="/" tstamps="/"/>
      <tstamp>61191176</tstamp>
    </comp>
    <comp ref="D4">
      <value>LED</value>
      <footprint>LED_THT:LED_D3.0mm</footprint>
      <datasheet>~</datasheet>
      <libsource lib="Device" part="LED" description="Light emitting diode"/>
      <sheetpath names="/" tstamps="/"/>
      <tstamp>61119866</tstamp>
    </comp>
    <comp ref="R12">
      <value>1k</value>
      <footprint>Resistor_THT:R_Axial_DIN0204_L3.6mm_D1.6mm_P5.08mm_Horizontal</footprint>
      <datasheet>~</datasheet>
      <libsource lib="Device" part="R" description="Resistor"/>
      <sheetpath names="/" tstamps="/"/>
      <tstamp>61119870</tstamp>
    </comp>
    <comp ref="D5">
      <value>1N4006</value>
      <footprint>Diode_THT:D_5W_P5.08mm_Vertical_KathodeUp</footprint>
      <datasheet>~</datasheet>
      <libsource lib="Device" part="D" description="Diode"/>
      <sheetpath names="/" tstamps="/"/>
      <tstamp>6153980B</tstamp>
    </comp>
    <comp ref="U8">
      <value>ATmega328P-PU</value>
      <footprint>Package_DIP:DIP-28_W7.62mm</footprint>
      <datasheet>http://ww1.microchip.com/downloads/en/DeviceDoc/ATmega328_P%20AVR%20MCU%20with%20picoPower%20Technology%20Data%20Sheet%2040001984A.pdf</datasheet>
      <libsource lib="MCU_Microchip_ATmega" part="ATmega328P-PU" description="20MHz, 32kB Flash, 2kB SRAM, 1kB EEPROM, DIP-28"/>
      <sheetpath names="/" tstamps="/"/>
      <tstamp>616B8B10</tstamp>
    </comp>
  </components>
  <libparts>
    <libpart lib="74xx" part="74LS74">
      <aliases>
        <alias>74HC74</alias>
      </aliases>
      <description>Dual D Flip-flop, Set &amp; Reset</description>
      <docs>74xx/74hc_hct74.pdf</docs>
      <footprints>
        <fp>DIP*W7.62mm*</fp>
      </footprints>
      <fields>
        <field name="Reference">U</field>
        <field name="Value">74LS74</field>
      </fields>
      <pins>
        <pin num="1" name="~R" type="input"/>
        <pin num="2" name="D" type="input"/>
        <pin num="3" name="C" type="input"/>
        <pin num="4" name="~S" type="input"/>
        <pin num="5" name="Q" type="output"/>
        <pin num="6" name="~Q" type="output"/>
        <pin num="7" name="GND" type="power_in"/>
        <pin num="8" name="~Q" type="output"/>
        <pin num="9" name="Q" type="output"/>
        <pin num="10" name="~S" type="input"/>
        <pin num="11" name="C" type="input"/>
        <pin num="12" name="D" type="input"/>
        <pin num="13" name="~R" type="input"/>
        <pin num="14" name="VCC" type="power_in"/>
      </pins>
    </libpart>
    <libpart lib="ATF" part="ATF22V10C">
      <description>Programmable Logic Array, DIP-24</description>
      <docs>https://ww1.microchip.com/downloads/en/DeviceDoc/doc0735.pdf</docs>
      <footprints>
        <fp>DIP*</fp>
        <fp>PDIP*</fp>
        <fp>SOIC*</fp>
        <fp>SO*</fp>
        <fp>PLCC*</fp>
      </footprints>
      <fields>
        <field name="Reference">U</field>
        <field name="Value">ATF22V10C</field>
      </fields>
      <pins>
        <pin num="1" name="I1/CLK" type="input"/>
        <pin num="2" name="I2" type="input"/>
        <pin num="3" name="I3" type="input"/>
        <pin num="4" name="I4/PD" type="input"/>
        <pin num="5" name="I5" type="input"/>
        <pin num="6" name="I6" type="input"/>
        <pin num="7" name="I7" type="input"/>
        <pin num="8" name="I8" type="input"/>
        <pin num="9" name="I9" type="input"/>
        <pin num="10" name="I10" type="input"/>
        <pin num="11" name="I11" type="input"/>
        <pin num="12" name="GND" type="power_in"/>
        <pin num="13" name="I12" type="input"/>
        <pin num="14" name="IO10" type="3state"/>
        <pin num="15" name="IO9" type="3state"/>
        <pin num="16" name="IO8" type="3state"/>
        <pin num="17" name="I07" type="3state"/>
        <pin num="18" name="IO6" type="3state"/>
        <pin num="19" name="IO5" type="3state"/>
        <pin num="20" name="IO4" type="3state"/>
        <pin num="21" name="I03" type="3state"/>
        <pin num="22" name="IO2" type="3state"/>
        <pin num="23" name="IO1" type="3state"/>
        <pin num="24" name="VCC" type="power_in"/>
      </pins>
    </libpart>
    <libpart lib="Connector" part="Conn_01x02_Male">
      <description>Generic connector, single row, 01x02, script generated (kicad-library-utils/schlib/autogen/connector/)</description>
      <docs>~</docs>
      <footprints>
        <fp>Connector*:*_1x??_*</fp>
      </footprints>
      <fields>
        <field name="Reference">J</field>
        <field name="Value">Conn_01x02_Male</field>
      </fields>
      <pins>
        <pin num="1" name="Pin_1" type="passive"/>
        <pin num="2" name="Pin_2" type="passive"/>
      </pins>
    </libpart>
    <libpart lib="Connector" part="Conn_01x06_Female">
      <description>Generic connector, single row, 01x06, script generated (kicad-library-utils/schlib/autogen/connector/)</description>
      <docs>~</docs>
      <footprints>
        <fp>Connector*:*_1x??_*</fp>
      </footprints>
      <fields>
        <field name="Reference">J</field>
        <field name="Value">Conn_01x06_Female</field>
      </fields>
      <pins>
        <pin num="1" name="Pin_1" type="passive"/>
        <pin num="2" name="Pin_2" type="passive"/>
        <pin num="3" name="Pin_3" type="passive"/>
        <pin num="4" name="Pin_4" type="passive"/>
        <pin num="5" name="Pin_5" type="passive"/>
        <pin num="6" name="Pin_6" type="passive"/>
      </pins>
    </libpart>
    <libpart lib="Connector" part="Conn_01x08_Female">
      <description>Generic connector, single row, 01x08, script generated (kicad-library-utils/schlib/autogen/connector/)</description>
      <docs>~</docs>
      <footprints>
        <fp>Connector*:*_1x??_*</fp>
      </footprints>
      <fields>
        <field name="Reference">J</field>
        <field name="Value">Conn_01x08_Female</field>
      </fields>
      <pins>
        <pin num="1" name="Pin_1" type="passive"/>
        <pin num="2" name="Pin_2" type="passive"/>
        <pin num="3" name="Pin_3" type="passive"/>
        <pin num="4" name="Pin_4" type="passive"/>
        <pin num="5" name="Pin_5" type="passive"/>
        <pin num="6" name="Pin_6" type="passive"/>
        <pin num="7" name="Pin_7" type="passive"/>
        <pin num="8" name="Pin_8" type="passive"/>
      </pins>
    </libpart>
    <libpart lib="Connector" part="Conn_01x10_Female">
      <description>Generic connector, single row, 01x10, script generated (kicad-library-utils/schlib/autogen/connector/)</description>
      <docs>~</docs>
      <footprints>
        <fp>Connector*:*_1x??_*</fp>
      </footprints>
      <fields>
        <field name="Reference">J</field>
        <field name="Value">Conn_01x10_Female</field>
      </fields>
      <pins>
        <pin num="1" name="Pin_1" type="passive"/>
        <pin num="2" name="Pin_2" type="passive"/>
        <pin num="3" name="Pin_3" type="passive"/>
        <pin num="4" name="Pin_4" type="passive"/>
        <pin num="5" name="Pin_5" type="passive"/>
        <pin num="6" name="Pin_6" type="passive"/>
        <pin num="7" name="Pin_7" type="passive"/>
        <pin num="8" name="Pin_8" type="passive"/>
        <pin num="9" name="Pin_9" type="passive"/>
        <pin num="10" name="Pin_10" type="passive"/>
      </pins>
    </libpart>
    <libpart lib="Connector" part="Screw_Terminal_01x02">
      <description>Generic screw terminal, single row, 01x02, script generated (kicad-library-utils/schlib/autogen/connector/)</description>
      <docs>~</docs>
      <footprints>
        <fp>TerminalBlock*:*</fp>
      </footprints>
      <fields>
        <field name="Reference">J</field>
        <field name="Value">Screw_Terminal_01x02</field>
      </fields>
      <pins>
        <pin num="1" name="Pin_1" type="passive"/>
        <pin num="2" name="Pin_2" type="passive"/>
      </pins>
    </libpart>
    <libpart lib="Connector_Generic" part="Conn_02x03_Odd_Even">
      <description>Generic connector, double row, 02x03, odd/even pin numbering scheme (row 1 odd numbers, row 2 even numbers), script generated (kicad-library-utils/schlib/autogen/connector/)</description>
      <docs>~</docs>
      <footprints>
        <fp>Connector*:*_2x??_*</fp>
      </footprints>
      <fields>
        <field name="Reference">J</field>
        <field name="Value">Conn_02x03_Odd_Even</field>
      </fields>
      <pins>
        <pin num="1" name="Pin_1" type="passive"/>
        <pin num="2" name="Pin_2" type="passive"/>
        <pin num="3" name="Pin_3" type="passive"/>
        <pin num="4" name="Pin_4" type="passive"/>
        <pin num="5" name="Pin_5" type="passive"/>
        <pin num="6" name="Pin_6" type="passive"/>
      </pins>
    </libpart>
    <libpart lib="Connector_Generic" part="Conn_02x05_Odd_Even">
      <description>Generic connector, double row, 02x05, odd/even pin numbering scheme (row 1 odd numbers, row 2 even numbers), script generated (kicad-library-utils/schlib/autogen/connector/)</description>
      <docs>~</docs>
      <footprints>
        <fp>Connector*:*_2x??_*</fp>
      </footprints>
      <fields>
        <field name="Reference">J</field>
        <field name="Value">Conn_02x05_Odd_Even</field>
      </fields>
      <pins>
        <pin num="1" name="Pin_1" type="passive"/>
        <pin num="2" name="Pin_2" type="passive"/>
        <pin num="3" name="Pin_3" type="passive"/>
        <pin num="4" name="Pin_4" type="passive"/>
        <pin num="5" name="Pin_5" type="passive"/>
        <pin num="6" name="Pin_6" type="passive"/>
        <pin num="7" name="Pin_7" type="passive"/>
        <pin num="8" name="Pin_8" type="passive"/>
        <pin num="9" name="Pin_9" type="passive"/>
        <pin num="10" name="Pin_10" type="passive"/>
      </pins>
    </libpart>
    <libpart lib="Device" part="CP_Small">
      <description>Polarized capacitor, small symbol</description>
      <docs>~</docs>
      <footprints>
        <fp>CP_*</fp>
      </footprints>
      <fields>
        <field name="Reference">C</field>
        <field name="Value">CP_Small</field>
      </fields>
      <pins>
        <pin num="1" name="~" type="passive"/>
        <pin num="2" name="~" type="passive"/>
      </pins>
    </libpart>
    <libpart lib="Device" part="C_Small">
      <description>Unpolarized capacitor, small symbol</description>
      <docs>~</docs>
      <footprints>
        <fp>C_*</fp>
      </footprints>
      <fields>
        <field name="Reference">C</field>
        <field name="Value">C_Small</field>
      </fields>
      <pins>
        <pin num="1" name="~" type="passive"/>
        <pin num="2" name="~" type="passive"/>
      </pins>
    </libpart>
    <libpart lib="Device" part="Crystal">
      <description>Two pin crystal</description>
      <docs>~</docs>
      <footprints>
        <fp>Crystal*</fp>
      </footprints>
      <fields>
        <field name="Reference">Y</field>
        <field name="Value">Crystal</field>
      </fields>
      <pins>
        <pin num="1" name="1" type="passive"/>
        <pin num="2" name="2" type="passive"/>
      </pins>
    </libpart>
    <libpart lib="Device" part="D">
      <description>Diode</description>
      <docs>~</docs>
      <footprints>
        <fp>TO-???*</fp>
        <fp>*_Diode_*</fp>
        <fp>*SingleDiode*</fp>
        <fp>D_*</fp>
      </footprints>
      <fields>
        <field name="Reference">D</field>
        <field name="Value">D</field>
      </fields>
      <pins>
        <pin num="1" name="K" type="passive"/>
        <pin num="2" name="A" type="passive"/>
      </pins>
    </libpart>
    <libpart lib="Device" part="Jumper_NC_Small">
      <description>Jumper, normally closed, small symbol</description>
      <docs>~</docs>
      <footprints>
        <fp>SolderJumper*Bridged*</fp>
      </footprints>
      <fields>
        <field name="Reference">JP</field>
        <field name="Value">Jumper_NC_Small</field>
      </fields>
      <pins>
        <pin num="1" name="1" type="passive"/>
        <pin num="2" name="2" type="passive"/>
      </pins>
    </libpart>
    <libpart lib="Device" part="LED">
      <description>Light emitting diode</description>
      <docs>~</docs>
      <footprints>
        <fp>LED*</fp>
        <fp>LED_SMD:*</fp>
        <fp>LED_THT:*</fp>
      </footprints>
      <fields>
        <field name="Reference">D</field>
        <field name="Value">LED</field>
      </fields>
      <pins>
        <pin num="1" name="K" type="passive"/>
        <pin num="2" name="A" type="passive"/>
      </pins>
    </libpart>
    <libpart lib="Device" part="R">
      <description>Resistor</description>
      <docs>~</docs>
      <footprints>
        <fp>R_*</fp>
      </footprints>
      <fields>
        <field name="Reference">R</field>
        <field name="Value">R</field>
      </fields>
      <pins>
        <pin num="1" name="~" type="passive"/>
        <pin num="2" name="~" type="passive"/>
      </pins>
    </libpart>
    <libpart lib="Device" part="R_Small">
      <description>Resistor, small symbol</description>
      <docs>~</docs>
      <footprints>
        <fp>R_*</fp>
      </footprints>
      <fields>
        <field name="Reference">R</field>
        <field name="Value">R_Small</field>
      </fields>
      <pins>
        <pin num="1" name="~" type="passive"/>
        <pin num="2" name="~" type="passive"/>
      </pins>
    </libpart>
    <libpart lib="Interface_UART" part="MAX232">
      <aliases>
        <alias>MAX232I</alias>
        <alias>MAX202</alias>
        <alias>ADM232A</alias>
        <alias>MAX3232</alias>
        <alias>ICL3232</alias>
      </aliases>
      <description>Dual RS232 driver/receiver, 5V supply, 120kb/s, 0C-70C</description>
      <docs>http://www.ti.com/lit/ds/symlink/max232.pdf</docs>
      <footprints>
        <fp>SOIC*P1.27mm*</fp>
        <fp>DIP*W7.62mm*</fp>
        <fp>TSSOP*4.4x5mm*P0.65mm*</fp>
      </footprints>
      <fields>
        <field name="Reference">U</field>
        <field name="Value">MAX232</field>
      </fields>
      <pins>
        <pin num="1" name="C1+" type="passive"/>
        <pin num="2" name="VS+" type="power_out"/>
        <pin num="3" name="C1-" type="passive"/>
        <pin num="4" name="C2+" type="passive"/>
        <pin num="5" name="C2-" type="passive"/>
        <pin num="6" name="VS-" type="power_out"/>
        <pin num="7" name="T2OUT" type="output"/>
        <pin num="8" name="R2IN" type="input"/>
        <pin num="9" name="R2OUT" type="output"/>
        <pin num="10" name="T2IN" type="input"/>
        <pin num="11" name="T1IN" type="input"/>
        <pin num="12" name="R1OUT" type="output"/>
        <pin num="13" name="R1IN" type="input"/>
        <pin num="14" name="T1OUT" type="output"/>
        <pin num="15" name="GND" type="power_in"/>
        <pin num="16" name="VCC" type="power_in"/>
      </pins>
    </libpart>
    <libpart lib="Jumper" part="Jumper_3_Bridged12">
      <description>Jumper, 3-pole, pins 1+2 closed/bridged</description>
      <docs>~</docs>
      <footprints>
        <fp>SolderJumper*Bridged12*</fp>
      </footprints>
      <fields>
        <field name="Reference">JP</field>
        <field name="Value">Jumper_3_Bridged12</field>
      </fields>
      <pins>
        <pin num="1" name="A" type="passive"/>
        <pin num="2" name="C" type="input"/>
        <pin num="3" name="B" type="passive"/>
      </pins>
    </libpart>
    <libpart lib="Jumper4" part="Jumper_4_Bridged">
      <description>Jumper, 3-pole, pins 1+2 closed/bridged</description>
      <docs>~</docs>
      <footprints>
        <fp>SolderJumper*Bridged12*</fp>
      </footprints>
      <fields>
        <field name="Reference">JP</field>
        <field name="Value">Jumper_4_Bridged</field>
      </fields>
      <pins>
        <pin num="1" name="A" type="passive"/>
        <pin num="2" name="C" type="passive"/>
        <pin num="3" name="B" type="passive"/>
        <pin num="4" name="B" type="passive"/>
      </pins>
    </libpart>
    <libpart lib="MCU_Microchip_ATmega" part="ATmega48PV-10PU">
      <aliases>
        <alias>ATmega48P-20PU</alias>
        <alias>ATmega48A-PU</alias>
        <alias>ATmega48PA-PU</alias>
        <alias>ATmega88PV-10PU</alias>
        <alias>ATmega88P-20PU</alias>
        <alias>ATmega88A-PU</alias>
        <alias>ATmega88PA-PU</alias>
        <alias>ATmega168PV-10PU</alias>
        <alias>ATmega168P-20PU</alias>
        <alias>ATmega168A-PU</alias>
        <alias>ATmega168PA-PU</alias>
        <alias>ATmega328-PU</alias>
        <alias>ATmega328P-PU</alias>
      </aliases>
      <description>10MHz, 4kB Flash, 512B SRAM, 256B EEPROM, DIP-28</description>
      <docs>http://ww1.microchip.com/downloads/en/DeviceDoc/Atmel-8025-8-bit-AVR-Microcontroller-ATmega48P-88P-168P_Datasheet.pdf</docs>
      <footprints>
        <fp>DIP*W7.62mm*</fp>
      </footprints>
      <fields>
        <field name="Reference">U</field>
        <field name="Value">ATmega48PV-10PU</field>
        <field name="Footprint">Package_DIP:DIP-28_W7.62mm</field>
      </fields>
      <pins>
        <pin num="1" name="~RESET~/PC6" type="BiDi"/>
        <pin num="2" name="PD0" type="BiDi"/>
        <pin num="3" name="PD1" type="BiDi"/>
        <pin num="4" name="PD2" type="BiDi"/>
        <pin num="5" name="PD3" type="BiDi"/>
        <pin num="6" name="PD4" type="BiDi"/>
        <pin num="7" name="VCC" type="power_in"/>
        <pin num="8" name="GND" type="power_in"/>
        <pin num="9" name="XTAL1/PB6" type="BiDi"/>
        <pin num="10" name="XTAL2/PB7" type="BiDi"/>
        <pin num="11" name="PD5" type="BiDi"/>
        <pin num="12" name="PD6" type="BiDi"/>
        <pin num="13" name="PD7" type="BiDi"/>
        <pin num="14" name="PB0" type="BiDi"/>
        <pin num="15" name="PB1" type="BiDi"/>
        <pin num="16" name="PB2" type="BiDi"/>
        <pin num="17" name="PB3" type="BiDi"/>
        <pin num="18" name="PB4" type="BiDi"/>
        <pin num="19" name="PB5" type="BiDi"/>
        <pin num="20" name="AVCC" type="power_in"/>
        <pin num="21" name="AREF" type="passive"/>
        <pin num="22" name="GND" type="passive"/>
        <pin num="23" name="PC0" type="BiDi"/>
        <pin num="24" name="PC1" type="BiDi"/>
        <pin num="25" name="PC2" type="BiDi"/>
        <pin num="26" name="PC3" type="BiDi"/>
        <pin num="27" name="PC4" type="BiDi"/>
        <pin num="28" name="PC5" type="BiDi"/>
      </pins>
    </libpart>
    <libpart lib="Memory_RAM" part="AS6C4008-55PCN">
      <description>512K x 8 Low Power CMOS RAM, DIP-32</description>
      <docs>https://www.alliancememory.com/wp-content/uploads/pdf/AS6C4008.pdf</docs>
      <footprints>
        <fp>DIP*W15.24mm*</fp>
      </footprints>
      <fields>
        <field name="Reference">U</field>
        <field name="Value">AS6C4008-55PCN</field>
        <field name="Footprint">Package_DIP:DIP-32_W15.24mm</field>
      </fields>
      <pins>
        <pin num="1" name="A18" type="input"/>
        <pin num="2" name="A16" type="input"/>
        <pin num="3" name="A14" type="input"/>
        <pin num="4" name="A12" type="input"/>
        <pin num="5" name="A7" type="input"/>
        <pin num="6" name="A6" type="input"/>
        <pin num="7" name="A5" type="input"/>
        <pin num="8" name="A4" type="input"/>
        <pin num="9" name="A3" type="input"/>
        <pin num="10" name="A2" type="input"/>
        <pin num="11" name="A1" type="input"/>
        <pin num="12" name="A0" type="input"/>
        <pin num="13" name="DQ0" type="3state"/>
        <pin num="14" name="DQ1" type="3state"/>
        <pin num="15" name="DQ2" type="3state"/>
        <pin num="16" name="VSS" type="power_in"/>
        <pin num="17" name="DQ3" type="3state"/>
        <pin num="18" name="DQ4" type="3state"/>
        <pin num="19" name="DQ5" type="3state"/>
        <pin num="20" name="DQ6" type="3state"/>
        <pin num="21" name="DQ7" type="3state"/>
        <pin num="22" name="CE#" type="input"/>
        <pin num="23" name="A10" type="input"/>
        <pin num="24" name="OE#" type="input"/>
        <pin num="25" name="A11" type="input"/>
        <pin num="26" name="A9" type="input"/>
        <pin num="27" name="A8" type="input"/>
        <pin num="28" name="A13" type="input"/>
        <pin num="29" name="WE#" type="input"/>
        <pin num="30" name="A17" type="input"/>
        <pin num="31" name="A15" type="input"/>
        <pin num="32" name="VCC" type="power_in"/>
      </pins>
    </libpart>
    <libpart lib="Power_Supervisor" part="MCP130-xxxFxTO">
      <description>Microcontroller supervisory circuit with internal 5 kΩ pull-up, TO-92</description>
      <docs>http://ww1.microchip.com/downloads/en/DeviceDoc/11184d.pdf</docs>
      <footprints>
        <fp>TO*92*Inline*</fp>
      </footprints>
      <fields>
        <field name="Reference">U</field>
        <field name="Value">MCP130-xxxFxTO</field>
        <field name="Footprint">Package_TO_SOT_THT:TO-92_Inline</field>
      </fields>
      <pins>
        <pin num="1" name="VSS" type="power_in"/>
        <pin num="2" name="~RST" type="openCol"/>
        <pin num="3" name="VDD" type="power_in"/>
      </pins>
    </libpart>
    <libpart lib="Transistor_BJT" part="2N2219">
      <aliases>
        <alias>BC140</alias>
        <alias>BC141</alias>
      </aliases>
      <description>800mA Ic, 50V Vce, NPN Transistor, TO-39</description>
      <docs>http://www.onsemi.com/pub_link/Collateral/2N2219-D.PDF</docs>
      <footprints>
        <fp>TO?39*</fp>
      </footprints>
      <fields>
        <field name="Reference">Q</field>
        <field name="Value">2N2219</field>
        <field name="Footprint">Package_TO_SOT_THT:TO-39-3</field>
      </fields>
      <pins>
        <pin num="1" name="E" type="passive"/>
        <pin num="2" name="B" type="passive"/>
        <pin num="3" name="C" type="passive"/>
      </pins>
    </libpart>
    <libpart lib="Zilog_Z180" part="Z8-L180-S180-180-PLCC-68">
      <description>Zilog Z8S180 &amp; Z8L180, Z80 Microprocessor Z180 8bit CISC 68-Pin PLCC</description>
      <docs>http://www.mouser.com/ds/2/450/z8s180ps-28828.pdf</docs>
      <fields>
        <field name="Reference">IC</field>
        <field name="Value">Z8-L180-S180-180-PLCC-68</field>
        <field name="Footprint">Package_LCC:PLCC-68</field>
        <field name="Description">Zilog Z8S180 &amp; Z8L180, Z80 Microprocessor Z180 8bit CISC 68-Pin PLCC</field>
        <field name="Height">4.57</field>
        <field name="Manufacturer_Name">Zilog</field>
        <field name="Manufacturer_Part_Number">Z8S18033VSG</field>
        <field name="Mouser Part Number">692-Z8S18033VSG</field>
        <field name="Mouser Price/Stock">https://www.mouser.com/Search/Refine.aspx?Keyword=692-Z8S18033VSG</field>
        <field name="RS Part Number">6259270</field>
        <field name="RS Price/Stock">http://uk.rs-online.com/web/p/products/6259270</field>
        <field name="Allied_Number">R1000023</field>
        <field name="Allied Price/Stock">https://www.alliedelec.com/zilog-z8s18033vsg/R1000023/</field>
      </fields>
      <pins>
        <pin num="1" name="VSS_1" type="power_in"/>
        <pin num="2" name="VSS_2" type="power_in"/>
        <pin num="3" name="XTAL" type="input"/>
        <pin num="4" name="EXTAL" type="input"/>
        <pin num="5" name="~WAIT" type="input"/>
        <pin num="6" name="~BUSACK" type="output"/>
        <pin num="7" name="~BUSREQ" type="input"/>
        <pin num="8" name="~RESET" type="input"/>
        <pin num="9" name="~NMI" type="input"/>
        <pin num="10" name="~INT0" type="input"/>
        <pin num="11" name="~INT1" type="input"/>
        <pin num="12" name="~INT2" type="input"/>
        <pin num="13" name="ST" type="output"/>
        <pin num="14" name="A0" type="output"/>
        <pin num="15" name="A1" type="output"/>
        <pin num="16" name="A2" type="output"/>
        <pin num="17" name="A3" type="output"/>
        <pin num="18" name="VSS_3" type="power_in"/>
        <pin num="19" name="A4" type="output"/>
        <pin num="20" name="A5" type="output"/>
        <pin num="21" name="A6" type="output"/>
        <pin num="22" name="A7" type="output"/>
        <pin num="23" name="A8" type="output"/>
        <pin num="24" name="A9" type="output"/>
        <pin num="25" name="A10" type="output"/>
        <pin num="26" name="A11" type="output"/>
        <pin num="27" name="A12" type="output"/>
        <pin num="28" name="A13" type="output"/>
        <pin num="29" name="A14" type="output"/>
        <pin num="30" name="A15" type="output"/>
        <pin num="31" name="A16" type="output"/>
        <pin num="32" name="A17" type="output"/>
        <pin num="33" name="A18/TOUT" type="output"/>
        <pin num="34" name="VDD" type="power_in"/>
        <pin num="35" name="A19" type="output"/>
        <pin num="36" name="VSS_4" type="power_in"/>
        <pin num="37" name="D0" type="3state"/>
        <pin num="38" name="D1" type="3state"/>
        <pin num="39" name="D2" type="3state"/>
        <pin num="40" name="D3" type="3state"/>
        <pin num="41" name="D4" type="3state"/>
        <pin num="42" name="D5" type="3state"/>
        <pin num="43" name="D6" type="3state"/>
        <pin num="44" name="D7" type="3state"/>
        <pin num="45" name="~RTS0" type="output"/>
        <pin num="46" name="~CTS0" type="input"/>
        <pin num="47" name="~DCD0" type="input"/>
        <pin num="48" name="TXA0" type="output"/>
        <pin num="49" name="RXA0" type="input"/>
        <pin num="50" name="CKA0/~DREQ0" type="BiDi"/>
        <pin num="51" name="TXA1" type="output"/>
        <pin num="52" name="TEST" type="output"/>
        <pin num="53" name="RXA1" type="input"/>
        <pin num="54" name="CKA1/~TEND0" type="BiDi"/>
        <pin num="55" name="TXS" type="output"/>
        <pin num="56" name="RXS/~CTS1" type="input"/>
        <pin num="57" name="CKS" type="BiDi"/>
        <pin num="58" name="~DREQ1" type="input"/>
        <pin num="59" name="~TEND1" type="output"/>
        <pin num="60" name="~HALT" type="output"/>
        <pin num="61" name="~RFSH" type="output"/>
        <pin num="62" name="~IORQ" type="output"/>
        <pin num="63" name="~MREQ" type="output"/>
        <pin num="64" name="E" type="output"/>
        <pin num="65" name="~M1" type="output"/>
        <pin num="66" name="~WR" type="output"/>
        <pin num="67" name="~RD" type="output"/>
        <pin num="68" name="PHI" type="output"/>
      </pins>
    </libpart>
    <libpart lib="m27c2001-10f1-m27c2001-10f1" part="M27C2001-10F1-M27C2001-10F1">
      <fields>
        <field name="Reference">U</field>
        <field name="Value">M27C2001-10F1-M27C2001-10F1</field>
        <field name="Footprint">DIP254P1524X572-32</field>
        <field name="SUPPLIER">STMicroelectronics</field>
        <field name="PACKAGE">FDIP-32</field>
        <field name="OC_NEWARK">50M4293</field>
        <field name="OC_FARNELL">1334081</field>
        <field name="MPN">M27C2001-10F1</field>
      </fields>
      <pins>
        <pin num="1" name="VPP" type="power_in"/>
        <pin num="2" name="A16" type="input"/>
        <pin num="3" name="A15" type="input"/>
        <pin num="4" name="A12" type="input"/>
        <pin num="5" name="A7" type="input"/>
        <pin num="6" name="A6" type="input"/>
        <pin num="7" name="A5" type="input"/>
        <pin num="8" name="A4" type="input"/>
        <pin num="9" name="A3" type="input"/>
        <pin num="10" name="A2" type="input"/>
        <pin num="11" name="A1" type="input"/>
        <pin num="12" name="A0" type="input"/>
        <pin num="13" name="Q0" type="output"/>
        <pin num="14" name="Q1" type="output"/>
        <pin num="15" name="Q2" type="output"/>
        <pin num="16" name="VSS" type="passive"/>
        <pin num="17" name="Q3" type="output"/>
        <pin num="18" name="Q4" type="output"/>
        <pin num="19" name="Q5" type="output"/>
        <pin num="20" name="Q6" type="output"/>
        <pin num="21" name="Q7" type="output"/>
        <pin num="22" name="~E" type="input"/>
        <pin num="23" name="A10" type="input"/>
        <pin num="24" name="~G" type="input"/>
        <pin num="25" name="A11" type="input"/>
        <pin num="26" name="A9" type="input"/>
        <pin num="27" name="A8" type="input"/>
        <pin num="28" name="A13" type="input"/>
        <pin num="29" name="A14" type="input"/>
        <pin num="30" name="A17" type="input"/>
        <pin num="31" name="~P" type="input"/>
        <pin num="32" name="VCC" type="power_in"/>
      </pins>
    </libpart>
  </libparts>
  <libraries>
    <library logical="74xx">
      <uri>/usr/share/kicad/library/74xx.lib</uri>
    </library>
    <library logical="ATF">
      <uri>/home/hal/KiCAD/symbols/PLD/ATF.lib</uri>
    </library>
    <library logical="Connector">
      <uri>/usr/share/kicad/library/Connector.lib</uri>
    </library>
    <library logical="Connector_Generic">
      <uri>/usr/share/kicad/library/Connector_Generic.lib</uri>
    </library>
    <library logical="Device">
      <uri>/usr/share/kicad/library/Device.lib</uri>
    </library>
    <library logical="Interface_UART">
      <uri>/usr/share/kicad/library/Interface_UART.lib</uri>
    </library>
    <library logical="Jumper">
      <uri>/usr/share/kicad/library/Jumper.lib</uri>
    </library>
    <library logical="Jumper4">
      <uri>/home/hal/KiCAD/symbols/Jumpers/Jumper4.lib</uri>
    </library>
    <library logical="MCU_Microchip_ATmega">
      <uri>/usr/share/kicad/library/MCU_Microchip_ATmega.lib</uri>
    </library>
    <library logical="Memory_RAM">
      <uri>/usr/share/kicad/library/Memory_RAM.lib</uri>
    </library>
    <library logical="Power_Supervisor">
      <uri>/usr/share/kicad/library/Power_Supervisor.lib</uri>
    </library>
    <library logical="Transistor_BJT">
      <uri>/usr/share/kicad/library/Transistor_BJT.lib</uri>
    </library>
    <library logical="Zilog_Z180">
      <uri>/home/hal/sourcecode/Z80-CPU-for-KiCAD/Zilog_Z180.lib</uri>
    </library>
    <library logical="m27c2001-10f1-m27c2001-10f1">
      <uri>/home/hal/KiCAD/symbols/EPROM/m27c2001-10f1-m27c2001-10f1.lib</uri>
    </library>
  </libraries>
  <nets>
    <net code="1" name="/SS">
      <node ref="U8" pin="16"/>
      <node ref="J6" pin="3"/>
      <node ref="JP6" pin="1"/>
    </net>
    <net code="2" name="/IO9">
      <node ref="U8" pin="15"/>
      <node ref="J6" pin="2"/>
    </net>
    <net code="3" name="/IO8">
      <node ref="J6" pin="1"/>
      <node ref="U8" pin="14"/>
    </net>
    <net code="4" name="GND">
      <node ref="C10" pin="2"/>
      <node ref="C9" pin="2"/>
      <node ref="U2" pin="16"/>
      <node ref="C25" pin="2"/>
      <node ref="J1" pin="1"/>
      <node ref="U6" pin="15"/>
      <node ref="J2" pin="1"/>
      <node ref="D2" pin="1"/>
      <node ref="J3" pin="9"/>
      <node ref="C24" pin="2"/>
      <node ref="J4" pin="9"/>
      <node ref="J9" pin="2"/>
      <node ref="D5" pin="2"/>
      <node ref="D4" pin="1"/>
      <node ref="C17" pin="2"/>
      <node ref="D1" pin="1"/>
      <node ref="C23" pin="2"/>
      <node ref="C28" pin="1"/>
      <node ref="C22" pin="2"/>
      <node ref="C20" pin="2"/>
      <node ref="C21" pin="2"/>
      <node ref="C15" pin="2"/>
      <node ref="C14" pin="2"/>
      <node ref="C11" pin="2"/>
      <node ref="C19" pin="2"/>
      <node ref="C18" pin="2"/>
      <node ref="C16" pin="2"/>
      <node ref="IC1" pin="18"/>
      <node ref="IC1" pin="2"/>
      <node ref="C13" pin="2"/>
      <node ref="U7" pin="15"/>
      <node ref="C26" pin="2"/>
      <node ref="C12" pin="2"/>
      <node ref="U8" pin="22"/>
      <node ref="C4" pin="2"/>
      <node ref="J6" pin="7"/>
      <node ref="U8" pin="8"/>
      <node ref="U5" pin="12"/>
      <node ref="Q1" pin="1"/>
      <node ref="IC1" pin="47"/>
      <node ref="U1" pin="16"/>
      <node ref="U9" pin="7"/>
      <node ref="U10" pin="7"/>
      <node ref="C3" pin="2"/>
      <node ref="J5" pin="7"/>
      <node ref="J5" pin="6"/>
      <node ref="U4" pin="1"/>
      <node ref="J10" pin="6"/>
      <node ref="C1" pin="2"/>
      <node ref="C29" pin="2"/>
      <node ref="IC1" pin="1"/>
      <node ref="C2" pin="2"/>
      <node ref="D3" pin="1"/>
      <node ref="IC1" pin="36"/>
      <node ref="U3" pin="16"/>
    </net>
    <net code="5" name="/AD5">
      <node ref="J7" pin="6"/>
      <node ref="U8" pin="28"/>
      <node ref="J6" pin="10"/>
    </net>
    <net code="6" name="/AD4">
      <node ref="J6" pin="9"/>
      <node ref="U8" pin="27"/>
      <node ref="J7" pin="5"/>
    </net>
    <net code="7" name="Net-(C13-Pad1)">
      <node ref="C13" pin="1"/>
      <node ref="J6" pin="8"/>
      <node ref="U8" pin="21"/>
    </net>
    <net code="8" name="/IO6">
      <node ref="J8" pin="7"/>
      <node ref="U8" pin="12"/>
    </net>
    <net code="9" name="/IO7">
      <node ref="U8" pin="13"/>
      <node ref="J8" pin="8"/>
    </net>
    <net code="10" name="/IO5">
      <node ref="U8" pin="11"/>
      <node ref="J8" pin="6"/>
    </net>
    <net code="11" name="/IO4">
      <node ref="J8" pin="5"/>
      <node ref="U8" pin="6"/>
    </net>
    <net code="12" name="/IO3">
      <node ref="J8" pin="4"/>
      <node ref="U8" pin="5"/>
    </net>
    <net code="13" name="/IO2">
      <node ref="U8" pin="4"/>
      <node ref="J8" pin="3"/>
    </net>
    <net code="14" name="/IO1">
      <node ref="U8" pin="3"/>
      <node ref="R3" pin="1"/>
      <node ref="J8" pin="2"/>
    </net>
    <net code="15" name="/AD3">
      <node ref="J7" pin="4"/>
      <node ref="U8" pin="26"/>
    </net>
    <net code="16" name="/IO0">
      <node ref="J8" pin="1"/>
      <node ref="R2" pin="1"/>
      <node ref="U8" pin="2"/>
    </net>
    <net code="17" name="Net-(J5-Pad1)">
      <node ref="J5" pin="1"/>
    </net>
    <net code="18" name="Net-(J5-Pad8)">
      <node ref="J5" pin="8"/>
    </net>
    <net code="19" name="Net-(J5-Pad4)">
      <node ref="J5" pin="4"/>
    </net>
    <net code="20" name="+5V">
      <node ref="R10" pin="2"/>
      <node ref="U1" pin="1"/>
      <node ref="U8" pin="7"/>
      <node ref="U8" pin="20"/>
      <node ref="U10" pin="4"/>
      <node ref="J10" pin="2"/>
      <node ref="U9" pin="4"/>
      <node ref="U10" pin="10"/>
      <node ref="J11" pin="1"/>
      <node ref="U6" pin="16"/>
      <node ref="R4" pin="2"/>
      <node ref="JP7" pin="1"/>
      <node ref="U1" pin="32"/>
      <node ref="J9" pin="1"/>
      <node ref="C24" pin="1"/>
      <node ref="D5" pin="1"/>
      <node ref="R7" pin="1"/>
      <node ref="C16" pin="1"/>
      <node ref="U3" pin="32"/>
      <node ref="C29" pin="1"/>
      <node ref="C20" pin="1"/>
      <node ref="C23" pin="1"/>
      <node ref="C22" pin="1"/>
      <node ref="C21" pin="1"/>
      <node ref="C19" pin="1"/>
      <node ref="C17" pin="1"/>
      <node ref="C15" pin="1"/>
      <node ref="C14" pin="1"/>
      <node ref="C18" pin="1"/>
      <node ref="J5" pin="5"/>
      <node ref="U10" pin="14"/>
      <node ref="J5" pin="2"/>
      <node ref="IC1" pin="12"/>
      <node ref="J2" pin="2"/>
      <node ref="J1" pin="2"/>
      <node ref="U2" pin="32"/>
      <node ref="IC1" pin="10"/>
      <node ref="U7" pin="16"/>
      <node ref="U9" pin="10"/>
      <node ref="U9" pin="14"/>
      <node ref="IC1" pin="34"/>
      <node ref="U5" pin="24"/>
      <node ref="IC1" pin="7"/>
      <node ref="IC1" pin="9"/>
      <node ref="IC1" pin="58"/>
      <node ref="IC1" pin="11"/>
      <node ref="IC1" pin="50"/>
      <node ref="IC1" pin="5"/>
      <node ref="C26" pin="1"/>
    </net>
    <net code="21" name="ATRES">
      <node ref="J5" pin="3"/>
      <node ref="R7" pin="2"/>
      <node ref="U8" pin="1"/>
      <node ref="JP8" pin="2"/>
      <node ref="J10" pin="5"/>
    </net>
    <net code="22" name="Net-(C4-Pad1)">
      <node ref="Y2" pin="2"/>
      <node ref="U8" pin="9"/>
      <node ref="C4" pin="1"/>
    </net>
    <net code="23" name="Net-(C3-Pad1)">
      <node ref="Y2" pin="1"/>
      <node ref="C3" pin="1"/>
      <node ref="U8" pin="10"/>
    </net>
    <net code="24" name="/AD1">
      <node ref="U8" pin="24"/>
      <node ref="J7" pin="2"/>
    </net>
    <net code="25" name="/AD2">
      <node ref="U8" pin="25"/>
      <node ref="J7" pin="3"/>
    </net>
    <net code="26" name="/AD0">
      <node ref="J7" pin="1"/>
      <node ref="U8" pin="23"/>
    </net>
    <net code="27" name="SCKZ">
      <node ref="JP3" pin="2"/>
      <node ref="IC1" pin="57"/>
      <node ref="J1" pin="5"/>
      <node ref="J2" pin="5"/>
    </net>
    <net code="28" name="Net-(C6-Pad2)">
      <node ref="C6" pin="2"/>
      <node ref="U7" pin="3"/>
    </net>
    <net code="29" name="Net-(C6-Pad1)">
      <node ref="C6" pin="1"/>
      <node ref="U7" pin="1"/>
    </net>
    <net code="30" name="Net-(C8-Pad2)">
      <node ref="U7" pin="5"/>
      <node ref="C8" pin="2"/>
    </net>
    <net code="31" name="Net-(C8-Pad1)">
      <node ref="C8" pin="1"/>
      <node ref="U7" pin="4"/>
    </net>
    <net code="32" name="Net-(C10-Pad1)">
      <node ref="U6" pin="6"/>
      <node ref="C10" pin="1"/>
    </net>
    <net code="33" name="SD_CS0">
      <node ref="J1" pin="6"/>
      <node ref="U9" pin="6"/>
    </net>
    <net code="34" name="Net-(IC1-Pad54)">
      <node ref="IC1" pin="54"/>
    </net>
    <net code="35" name="Net-(JP1-Pad1)">
      <node ref="JP2" pin="4"/>
      <node ref="U7" pin="10"/>
      <node ref="JP1" pin="1"/>
    </net>
    <net code="36" name="Net-(IC1-Pad53)">
      <node ref="JP2" pin="2"/>
      <node ref="IC1" pin="53"/>
    </net>
    <net code="37" name="Net-(IC1-Pad59)">
      <node ref="IC1" pin="59"/>
    </net>
    <net code="38" name="Net-(C27-Pad1)">
      <node ref="C27" pin="1"/>
      <node ref="U7" pin="12"/>
      <node ref="U7" pin="9"/>
      <node ref="JP1" pin="4"/>
      <node ref="JP2" pin="1"/>
    </net>
    <net code="39" name="Net-(IC1-Pad46)">
      <node ref="U6" pin="12"/>
      <node ref="IC1" pin="46"/>
    </net>
    <net code="40" name="Net-(IC1-Pad45)">
      <node ref="IC1" pin="45"/>
      <node ref="U6" pin="11"/>
    </net>
    <net code="41" name="Net-(C7-Pad2)">
      <node ref="C7" pin="2"/>
      <node ref="U6" pin="5"/>
    </net>
    <net code="42" name="Net-(C9-Pad1)">
      <node ref="C9" pin="1"/>
      <node ref="U7" pin="6"/>
    </net>
    <net code="43" name="Net-(C11-Pad1)">
      <node ref="C11" pin="1"/>
      <node ref="U7" pin="2"/>
    </net>
    <net code="44" name="Net-(C7-Pad1)">
      <node ref="C7" pin="1"/>
      <node ref="U6" pin="4"/>
    </net>
    <net code="45" name="Net-(C5-Pad1)">
      <node ref="U6" pin="1"/>
      <node ref="C5" pin="1"/>
    </net>
    <net code="46" name="Net-(C5-Pad2)">
      <node ref="U6" pin="3"/>
      <node ref="C5" pin="2"/>
    </net>
    <net code="47" name="AT_Tx">
      <node ref="JP2" pin="3"/>
      <node ref="R3" pin="2"/>
    </net>
    <net code="48" name="AT_Rx">
      <node ref="R2" pin="2"/>
      <node ref="JP1" pin="3"/>
    </net>
    <net code="49" name="Net-(J3-Pad6)">
      <node ref="J3" pin="6"/>
      <node ref="U6" pin="14"/>
    </net>
    <net code="50" name="Net-(J3-Pad4)">
      <node ref="U6" pin="13"/>
      <node ref="J3" pin="4"/>
    </net>
    <net code="51" name="/TX0">
      <node ref="U6" pin="7"/>
      <node ref="J3" pin="3"/>
    </net>
    <net code="52" name="Net-(J4-Pad8)">
      <node ref="J4" pin="8"/>
    </net>
    <net code="53" name="Net-(J4-Pad7)">
      <node ref="J4" pin="7"/>
    </net>
    <net code="54" name="Net-(J4-Pad6)">
      <node ref="J4" pin="6"/>
    </net>
    <net code="55" name="Net-(J4-Pad4)">
      <node ref="J4" pin="4"/>
    </net>
    <net code="56" name="/TX1">
      <node ref="J4" pin="3"/>
      <node ref="U7" pin="7"/>
    </net>
    <net code="57" name="/DSR0">
      <node ref="J3" pin="7"/>
      <node ref="J3" pin="2"/>
    </net>
    <net code="58" name="Net-(J4-Pad10)">
      <node ref="J4" pin="10"/>
    </net>
    <net code="59" name="Net-(J3-Pad10)">
      <node ref="J3" pin="10"/>
    </net>
    <net code="60" name="Net-(J3-Pad1)">
      <node ref="J3" pin="1"/>
    </net>
    <net code="61" name="Net-(U9-Pad9)">
      <node ref="U9" pin="9"/>
    </net>
    <net code="62" name="Net-(U9-Pad5)">
      <node ref="U9" pin="5"/>
    </net>
    <net code="63" name="Net-(J4-Pad1)">
      <node ref="J4" pin="1"/>
    </net>
    <net code="64" name="Net-(C12-Pad1)">
      <node ref="C12" pin="1"/>
      <node ref="U6" pin="2"/>
    </net>
    <net code="65" name="Net-(J3-Pad8)">
      <node ref="J3" pin="8"/>
    </net>
    <net code="67" name="Net-(C28-Pad2)">
      <node ref="JP8" pin="3"/>
      <node ref="Q1" pin="3"/>
      <node ref="C28" pin="2"/>
    </net>
    <net code="68" name="Net-(Q1-Pad2)">
      <node ref="R6" pin="1"/>
      <node ref="Q1" pin="2"/>
    </net>
    <net code="69" name="/RX1">
      <node ref="U7" pin="8"/>
      <node ref="J4" pin="5"/>
    </net>
    <net code="71" name="/MEMSEL">
      <node ref="U5" pin="19"/>
      <node ref="R9" pin="2"/>
    </net>
    <net code="72" name="Net-(D3-Pad2)">
      <node ref="R9" pin="1"/>
      <node ref="D3" pin="2"/>
    </net>
    <net code="73" name="Net-(D1-Pad2)">
      <node ref="R1" pin="1"/>
      <node ref="D1" pin="2"/>
    </net>
    <net code="74" name="Net-(R6-Pad2)">
      <node ref="R6" pin="2"/>
      <node ref="U10" pin="9"/>
    </net>
    <net code="75" name="/A6">
      <node ref="U5" pin="13"/>
      <node ref="U2" pin="6"/>
      <node ref="U1" pin="6"/>
      <node ref="IC1" pin="21"/>
      <node ref="U3" pin="6"/>
    </net>
    <net code="76" name="/A5">
      <node ref="U1" pin="7"/>
      <node ref="U2" pin="7"/>
      <node ref="U3" pin="7"/>
      <node ref="IC1" pin="20"/>
      <node ref="U5" pin="11"/>
    </net>
    <net code="77" name="Net-(U10-Pad8)">
      <node ref="U10" pin="8"/>
    </net>
    <net code="78" name="/LED">
      <node ref="R1" pin="2"/>
      <node ref="U5" pin="18"/>
    </net>
    <net code="79" name="Net-(C27-Pad2)">
      <node ref="C27" pin="2"/>
      <node ref="JP8" pin="1"/>
    </net>
    <net code="80" name="/RX0">
      <node ref="J3" pin="5"/>
      <node ref="U6" pin="8"/>
    </net>
    <net code="84" name="Net-(J4-Pad2)">
      <node ref="J4" pin="2"/>
      <node ref="U7" pin="13"/>
    </net>
    <net code="85" name="/SCK">
      <node ref="J10" pin="3"/>
      <node ref="U8" pin="19"/>
      <node ref="JP3" pin="1"/>
      <node ref="J6" pin="6"/>
      <node ref="R12" pin="2"/>
    </net>
    <net code="86" name="Net-(D4-Pad2)">
      <node ref="D4" pin="2"/>
      <node ref="R12" pin="1"/>
    </net>
    <net code="87" name="Net-(D2-Pad2)">
      <node ref="R5" pin="1"/>
      <node ref="D2" pin="2"/>
    </net>
    <net code="88" name="WR">
      <node ref="JP7" pin="3"/>
      <node ref="IC1" pin="66"/>
      <node ref="U2" pin="29"/>
      <node ref="U5" pin="5"/>
      <node ref="U3" pin="29"/>
    </net>
    <net code="89" name="Net-(C25-Pad1)">
      <node ref="R4" pin="1"/>
      <node ref="R5" pin="2"/>
      <node ref="C25" pin="1"/>
      <node ref="J11" pin="2"/>
      <node ref="U4" pin="3"/>
    </net>
    <net code="90" name="/MISO">
      <node ref="J10" pin="1"/>
      <node ref="U8" pin="18"/>
      <node ref="J6" pin="5"/>
      <node ref="JP4" pin="1"/>
    </net>
    <net code="91" name="/MOSI">
      <node ref="U8" pin="17"/>
      <node ref="J10" pin="4"/>
      <node ref="JP5" pin="1"/>
      <node ref="J6" pin="4"/>
    </net>
    <net code="92" name="Net-(JP7-Pad2)">
      <node ref="U1" pin="31"/>
      <node ref="JP7" pin="2"/>
    </net>
    <net code="93" name="Net-(C2-Pad1)">
      <node ref="Y1" pin="2"/>
      <node ref="IC1" pin="3"/>
      <node ref="C2" pin="1"/>
    </net>
    <net code="94" name="ATSS">
      <node ref="U10" pin="6"/>
      <node ref="JP6" pin="2"/>
    </net>
    <net code="95" name="D0">
      <node ref="U1" pin="13"/>
      <node ref="IC1" pin="44"/>
      <node ref="U3" pin="13"/>
      <node ref="U2" pin="13"/>
      <node ref="U9" pin="2"/>
    </net>
    <net code="96" name="D3">
      <node ref="U10" pin="12"/>
      <node ref="U3" pin="17"/>
      <node ref="U1" pin="17"/>
      <node ref="U2" pin="17"/>
    </net>
    <net code="97" name="Net-(U10-Pad5)">
      <node ref="U10" pin="5"/>
    </net>
    <net code="98" name="Net-(U10-Pad11)">
      <node ref="U9" pin="11"/>
      <node ref="U10" pin="3"/>
      <node ref="U5" pin="23"/>
      <node ref="U9" pin="3"/>
      <node ref="U10" pin="11"/>
    </net>
    <net code="99" name="D2">
      <node ref="U2" pin="15"/>
      <node ref="U1" pin="15"/>
      <node ref="U10" pin="2"/>
      <node ref="U3" pin="15"/>
    </net>
    <net code="100" name="/D4">
      <node ref="U1" pin="18"/>
      <node ref="U3" pin="18"/>
      <node ref="U2" pin="18"/>
    </net>
    <net code="101" name="/D7">
      <node ref="U1" pin="21"/>
      <node ref="U2" pin="21"/>
      <node ref="U3" pin="21"/>
    </net>
    <net code="102" name="/D6">
      <node ref="U1" pin="20"/>
      <node ref="U2" pin="20"/>
      <node ref="U3" pin="20"/>
    </net>
    <net code="103" name="/D5">
      <node ref="U2" pin="19"/>
      <node ref="U3" pin="19"/>
      <node ref="U1" pin="19"/>
    </net>
    <net code="104" name="A19">
      <node ref="U5" pin="17"/>
      <node ref="IC1" pin="35"/>
    </net>
    <net code="108" name="Net-(IC1-Pad6)">
      <node ref="IC1" pin="6"/>
    </net>
    <net code="109" name="SD_CS1">
      <node ref="J2" pin="6"/>
      <node ref="U9" pin="8"/>
    </net>
    <net code="110" name="D1">
      <node ref="U9" pin="12"/>
      <node ref="U3" pin="14"/>
      <node ref="U1" pin="14"/>
      <node ref="U2" pin="14"/>
    </net>
    <net code="111" name="Net-(C1-Pad1)">
      <node ref="C1" pin="1"/>
      <node ref="IC1" pin="4"/>
      <node ref="Y1" pin="1"/>
    </net>
    <net code="112" name="MISOZ">
      <node ref="J1" pin="3"/>
      <node ref="J2" pin="3"/>
      <node ref="JP4" pin="2"/>
      <node ref="IC1" pin="56"/>
    </net>
    <net code="113" name="Net-(IC1-Pad65)">
      <node ref="IC1" pin="65"/>
    </net>
    <net code="114" name="Net-(IC1-Pad64)">
      <node ref="IC1" pin="64"/>
    </net>
    <net code="115" name="MREQ">
      <node ref="U5" pin="2"/>
      <node ref="IC1" pin="63"/>
    </net>
    <net code="116" name="IORQ">
      <node ref="IC1" pin="62"/>
      <node ref="U5" pin="3"/>
    </net>
    <net code="117" name="Net-(IC1-Pad61)">
      <node ref="IC1" pin="61"/>
    </net>
    <net code="118" name="Net-(IC1-Pad60)">
      <node ref="IC1" pin="60"/>
    </net>
    <net code="119" name="MOSIZ">
      <node ref="IC1" pin="55"/>
      <node ref="JP5" pin="2"/>
      <node ref="J1" pin="4"/>
      <node ref="J2" pin="4"/>
    </net>
    <net code="120" name="Net-(IC1-Pad52)">
      <node ref="IC1" pin="52"/>
    </net>
    <net code="121" name="Net-(IC1-Pad51)">
      <node ref="JP1" pin="2"/>
      <node ref="IC1" pin="51"/>
    </net>
    <net code="122" name="Net-(IC1-Pad49)">
      <node ref="IC1" pin="49"/>
      <node ref="U6" pin="9"/>
    </net>
    <net code="123" name="Net-(IC1-Pad48)">
      <node ref="U6" pin="10"/>
      <node ref="IC1" pin="48"/>
    </net>
    <net code="124" name="A7">
      <node ref="U1" pin="5"/>
      <node ref="IC1" pin="22"/>
      <node ref="U2" pin="5"/>
      <node ref="U3" pin="5"/>
      <node ref="U5" pin="15"/>
    </net>
    <net code="125" name="RESET">
      <node ref="IC1" pin="8"/>
      <node ref="U5" pin="14"/>
      <node ref="U9" pin="13"/>
      <node ref="U10" pin="1"/>
      <node ref="U4" pin="2"/>
      <node ref="R10" pin="1"/>
      <node ref="U9" pin="1"/>
      <node ref="U10" pin="13"/>
    </net>
    <net code="126" name="CLK">
      <node ref="IC1" pin="68"/>
      <node ref="U5" pin="1"/>
    </net>
    <net code="127" name="RD">
      <node ref="U2" pin="24"/>
      <node ref="U3" pin="24"/>
      <node ref="U1" pin="24"/>
      <node ref="U5" pin="4"/>
      <node ref="IC1" pin="67"/>
    </net>
    <net code="128" name="Net-(IC1-Pad13)">
      <node ref="IC1" pin="13"/>
    </net>
    <net code="129" name="Net-(IC1-Pad38)">
      <node ref="IC1" pin="38"/>
    </net>
    <net code="130" name="Net-(IC1-Pad43)">
      <node ref="IC1" pin="43"/>
    </net>
    <net code="131" name="Net-(IC1-Pad42)">
      <node ref="IC1" pin="42"/>
    </net>
    <net code="132" name="Net-(IC1-Pad41)">
      <node ref="IC1" pin="41"/>
    </net>
    <net code="133" name="Net-(IC1-Pad40)">
      <node ref="IC1" pin="40"/>
    </net>
    <net code="134" name="Net-(IC1-Pad39)">
      <node ref="IC1" pin="39"/>
    </net>
    <net code="135" name="ROMCE">
      <node ref="U5" pin="22"/>
      <node ref="U1" pin="22"/>
    </net>
    <net code="136" name="Net-(IC1-Pad37)">
      <node ref="IC1" pin="37"/>
    </net>
    <net code="137" name="RAMLCE">
      <node ref="U2" pin="22"/>
      <node ref="U5" pin="21"/>
    </net>
    <net code="138" name="Net-(U7-Pad14)">
      <node ref="U7" pin="14"/>
    </net>
    <net code="139" name="Net-(U7-Pad11)">
      <node ref="U7" pin="11"/>
    </net>
    <net code="140" name="RAMHCE">
      <node ref="U5" pin="20"/>
      <node ref="U3" pin="22"/>
    </net>
    <net code="141" name="/A16">
      <node ref="U3" pin="2"/>
      <node ref="U1" pin="2"/>
      <node ref="U2" pin="2"/>
      <node ref="IC1" pin="31"/>
    </net>
    <net code="142" name="A18">
      <node ref="U2" pin="1"/>
      <node ref="IC1" pin="33"/>
      <node ref="U5" pin="16"/>
      <node ref="U3" pin="1"/>
    </net>
    <net code="143" name="/A17">
      <node ref="U2" pin="30"/>
      <node ref="U3" pin="30"/>
      <node ref="U1" pin="30"/>
      <node ref="IC1" pin="32"/>
    </net>
    <net code="144" name="/A15">
      <node ref="U3" pin="31"/>
      <node ref="IC1" pin="30"/>
      <node ref="U1" pin="3"/>
      <node ref="U2" pin="31"/>
    </net>
    <net code="145" name="/A14">
      <node ref="U2" pin="3"/>
      <node ref="U1" pin="29"/>
      <node ref="IC1" pin="29"/>
      <node ref="U3" pin="3"/>
    </net>
    <net code="146" name="/A13">
      <node ref="U2" pin="28"/>
      <node ref="U3" pin="28"/>
      <node ref="IC1" pin="28"/>
      <node ref="U1" pin="28"/>
    </net>
    <net code="147" name="/A12">
      <node ref="U3" pin="4"/>
      <node ref="U2" pin="4"/>
      <node ref="U1" pin="4"/>
      <node ref="IC1" pin="27"/>
    </net>
    <net code="148" name="/A11">
      <node ref="U2" pin="25"/>
      <node ref="U1" pin="25"/>
      <node ref="IC1" pin="26"/>
      <node ref="U3" pin="25"/>
    </net>
    <net code="149" name="/A10">
      <node ref="U1" pin="23"/>
      <node ref="U3" pin="23"/>
      <node ref="IC1" pin="25"/>
      <node ref="U2" pin="23"/>
    </net>
    <net code="150" name="/A9">
      <node ref="IC1" pin="24"/>
      <node ref="U2" pin="26"/>
      <node ref="U1" pin="26"/>
      <node ref="U3" pin="26"/>
    </net>
    <net code="151" name="/A8">
      <node ref="U2" pin="27"/>
      <node ref="U3" pin="27"/>
      <node ref="U1" pin="27"/>
      <node ref="IC1" pin="23"/>
    </net>
    <net code="152" name="/A3">
      <node ref="U2" pin="9"/>
      <node ref="U5" pin="9"/>
      <node ref="U3" pin="9"/>
      <node ref="IC1" pin="17"/>
      <node ref="U1" pin="10"/>
    </net>
    <net code="153" name="/A4">
      <node ref="U1" pin="8"/>
      <node ref="U3" pin="8"/>
      <node ref="IC1" pin="19"/>
      <node ref="U5" pin="10"/>
      <node ref="U2" pin="8"/>
    </net>
    <net code="154" name="/A2">
      <node ref="U5" pin="8"/>
      <node ref="U2" pin="10"/>
      <node ref="IC1" pin="16"/>
      <node ref="U1" pin="9"/>
      <node ref="U3" pin="10"/>
    </net>
    <net code="155" name="/A1">
      <node ref="IC1" pin="15"/>
      <node ref="U2" pin="11"/>
      <node ref="U1" pin="11"/>
      <node ref="U3" pin="11"/>
      <node ref="U5" pin="7"/>
    </net>
    <net code="156" name="/A0">
      <node ref="IC1" pin="14"/>
      <node ref="U2" pin="12"/>
      <node ref="U1" pin="12"/>
      <node ref="U3" pin="12"/>
      <node ref="U5" pin="6"/>
    </net>
  </nets>
</export>
