<?xml version="1.0" encoding="UTF-8"?>
<export version="D">
  <design>
    <source>/home/hal/KiCAD/Z180_computer/Z180_computer.sch</source>
    <date>fre  9 jul 2021 13:10:13</date>
    <tool>Eeschema 5.1.5+dfsg1-2build2</tool>
    <sheet number="1" name="/" tstamps="/">
      <title_block>
        <title/>
        <company/>
        <rev/>
        <date/>
        <source>Z180_computer.sch</source>
        <comment number="1" value=""/>
        <comment number="2" value=""/>
        <comment number="3" value=""/>
        <comment number="4" value=""/>
      </title_block>
    </sheet>
  </design>
  <components>
    <comp ref="IC1">
      <value>Z8018010VSC</value>
      <footprint>Package_LCC:PLCC-68</footprint>
      <datasheet>http://www.mouser.com/ds/2/450/z8s180ps-28828.pdf</datasheet>
      <fields>
        <field name="Allied Price/Stock">https://www.alliedelec.com/zilog-z8s18033vsg/R1000023/</field>
        <field name="Allied_Number">R1000023</field>
        <field name="Description">Zilog Z8S180 &amp; Z8L180, Z80 Microprocessor Z180 8bit CISC 68-Pin PLCC</field>
        <field name="Height">4.57</field>
        <field name="Manufacturer_Name">Zilog</field>
        <field name="Manufacturer_Part_Number">Z8S18033VSG</field>
        <field name="Mouser Part Number">692-Z8S18033VSG</field>
        <field name="Mouser Price/Stock">https://www.mouser.com/Search/Refine.aspx?Keyword=692-Z8S18033VSG</field>
        <field name="RS Part Number">6259270</field>
        <field name="RS Price/Stock">http://uk.rs-online.com/web/p/products/6259270</field>
      </fields>
      <libsource lib="Zilog_Z180" part="Z8-L180-S180-180-PLCC-68" description="Zilog Z8S180 &amp; Z8L180, Z80 Microprocessor Z180 8bit CISC 68-Pin PLCC"/>
      <sheetpath names="/" tstamps="/"/>
      <tstamp>60E07EF5</tstamp>
    </comp>
    <comp ref="U5">
      <value>ATF22V10C</value>
      <footprint>Package_DIP:DIP-24_W7.62mm_LongPads</footprint>
      <datasheet>https://ww1.microchip.com/downloads/en/DeviceDoc/doc0735.pdf</datasheet>
      <libsource lib="ATF" part="ATF22V10C" description="Programmable Logic Array, DIP-24"/>
      <sheetpath names="/" tstamps="/"/>
      <tstamp>60E23C56</tstamp>
    </comp>
    <comp ref="U3">
      <value>AS6C4008-55PCN</value>
      <footprint>Package_DIP:DIP-32_W15.24mm</footprint>
      <datasheet>https://www.alliancememory.com/wp-content/uploads/pdf/AS6C4008.pdf</datasheet>
      <libsource lib="Memory_RAM" part="AS6C4008-55PCN" description="512K x 8 Low Power CMOS RAM, DIP-32"/>
      <sheetpath names="/" tstamps="/"/>
      <tstamp>60E1D1D1</tstamp>
    </comp>
    <comp ref="U2">
      <value>AS6C4008-55PCN</value>
      <footprint>Package_DIP:DIP-32_W15.24mm</footprint>
      <datasheet>https://www.alliancememory.com/wp-content/uploads/pdf/AS6C4008.pdf</datasheet>
      <libsource lib="Memory_RAM" part="AS6C4008-55PCN" description="512K x 8 Low Power CMOS RAM, DIP-32"/>
      <sheetpath names="/" tstamps="/"/>
      <tstamp>60E20700</tstamp>
    </comp>
    <comp ref="U7">
      <value>MAX232</value>
      <footprint>Package_DIP:DIP-16_W7.62mm</footprint>
      <datasheet>http://www.ti.com/lit/ds/symlink/max232.pdf</datasheet>
      <libsource lib="Interface_UART" part="MAX232" description="Dual RS232 driver/receiver, 5V supply, 120kb/s, 0C-70C"/>
      <sheetpath names="/" tstamps="/"/>
      <tstamp>60E26CE2</tstamp>
    </comp>
    <comp ref="U6">
      <value>MAX232</value>
      <footprint>Package_DIP:DIP-16_W7.62mm</footprint>
      <datasheet>http://www.ti.com/lit/ds/symlink/max232.pdf</datasheet>
      <libsource lib="Interface_UART" part="MAX232" description="Dual RS232 driver/receiver, 5V supply, 120kb/s, 0C-70C"/>
      <sheetpath names="/" tstamps="/"/>
      <tstamp>60E2818E</tstamp>
    </comp>
    <comp ref="U1">
      <value>M27C2001-10F1</value>
      <footprint>Package_DIP:DIP-32_W15.24mm</footprint>
      <fields>
        <field name="MPN">M27C2001-10F1</field>
        <field name="OC_FARNELL">1334081</field>
        <field name="OC_NEWARK">50M4293</field>
        <field name="PACKAGE">FDIP-32</field>
        <field name="SUPPLIER">STMicroelectronics</field>
      </fields>
      <libsource lib="m27c2001-10f1-m27c2001-10f1" part="M27C2001-10F1-M27C2001-10F1" description=""/>
      <sheetpath names="/" tstamps="/"/>
      <tstamp>60E3092A</tstamp>
    </comp>
    <comp ref="Y1">
      <value>XTAL 18.432 MHz</value>
      <footprint>Crystal:Crystal_HC49-U_Vertical</footprint>
      <datasheet>~</datasheet>
      <libsource lib="Device" part="Crystal" description="Two pin crystal"/>
      <sheetpath names="/" tstamps="/"/>
      <tstamp>60EC02C4</tstamp>
    </comp>
    <comp ref="U4">
      <value>MCP130-xxxDxTO</value>
      <footprint>Package_TO_SOT_THT:TO-92_Inline</footprint>
      <datasheet>http://ww1.microchip.com/downloads/en/DeviceDoc/11184d.pdf</datasheet>
      <libsource lib="Power_Supervisor" part="MCP130-xxxDxTO" description="Microcontroller supervisory circuit with internal 5 kΩ pull-up, TO-92"/>
      <sheetpath names="/" tstamps="/"/>
      <tstamp>60EC3F2B</tstamp>
    </comp>
    <comp ref="U8">
      <value>ATmega328P-PU</value>
      <footprint>Package_DIP:DIP-28_W7.62mm</footprint>
      <datasheet>http://ww1.microchip.com/downloads/en/DeviceDoc/ATmega328_P%20AVR%20MCU%20with%20picoPower%20Technology%20Data%20Sheet%2040001984A.pdf</datasheet>
      <libsource lib="MCU_Microchip_ATmega" part="ATmega328P-PU" description="20MHz, 32kB Flash, 2kB SRAM, 1kB EEPROM, DIP-28"/>
      <sheetpath names="/" tstamps="/"/>
      <tstamp>60E46190</tstamp>
    </comp>
    <comp ref="C1">
      <value>22 pF</value>
      <footprint>Capacitor_THT:C_Disc_D5.0mm_W2.5mm_P2.50mm</footprint>
      <datasheet>~</datasheet>
      <libsource lib="Device" part="C_Small" description="Unpolarized capacitor, small symbol"/>
      <sheetpath names="/" tstamps="/"/>
      <tstamp>60E5CC68</tstamp>
    </comp>
    <comp ref="C2">
      <value>22 pF</value>
      <footprint>Capacitor_THT:C_Disc_D5.0mm_W2.5mm_P2.50mm</footprint>
      <datasheet>~</datasheet>
      <libsource lib="Device" part="C_Small" description="Unpolarized capacitor, small symbol"/>
      <sheetpath names="/" tstamps="/"/>
      <tstamp>60E5FDCF</tstamp>
    </comp>
    <comp ref="U10">
      <value>74LS74</value>
      <footprint>Package_DIP:DIP-14_W7.62mm</footprint>
      <datasheet>74xx/74hc_hct74.pdf</datasheet>
      <libsource lib="74xx" part="74LS74" description="Dual D Flip-flop, Set &amp; Reset"/>
      <sheetpath names="/" tstamps="/"/>
      <tstamp>60E82C0D</tstamp>
    </comp>
    <comp ref="U9">
      <value>74LS74</value>
      <footprint>Package_DIP:DIP-14_W7.62mm</footprint>
      <datasheet>74xx/74hc_hct74.pdf</datasheet>
      <libsource lib="74xx" part="74LS74" description="Dual D Flip-flop, Set &amp; Reset"/>
      <sheetpath names="/" tstamps="/"/>
      <tstamp>60EA2985</tstamp>
    </comp>
  </components>
  <libparts>
    <libpart lib="74xx" part="74LS74">
      <aliases>
        <alias>74HC74</alias>
      </aliases>
      <description>Dual D Flip-flop, Set &amp; Reset</description>
      <docs>74xx/74hc_hct74.pdf</docs>
      <footprints>
        <fp>DIP*W7.62mm*</fp>
      </footprints>
      <fields>
        <field name="Reference">U</field>
        <field name="Value">74LS74</field>
      </fields>
      <pins>
        <pin num="1" name="~R" type="input"/>
        <pin num="2" name="D" type="input"/>
        <pin num="3" name="C" type="input"/>
        <pin num="4" name="~S" type="input"/>
        <pin num="5" name="Q" type="output"/>
        <pin num="6" name="~Q" type="output"/>
        <pin num="7" name="GND" type="power_in"/>
        <pin num="8" name="~Q" type="output"/>
        <pin num="9" name="Q" type="output"/>
        <pin num="10" name="~S" type="input"/>
        <pin num="11" name="C" type="input"/>
        <pin num="12" name="D" type="input"/>
        <pin num="13" name="~R" type="input"/>
        <pin num="14" name="VCC" type="power_in"/>
      </pins>
    </libpart>
    <libpart lib="ATF" part="ATF22V10C">
      <description>Programmable Logic Array, DIP-24</description>
      <docs>https://ww1.microchip.com/downloads/en/DeviceDoc/doc0735.pdf</docs>
      <footprints>
        <fp>DIP*</fp>
        <fp>PDIP*</fp>
        <fp>SOIC*</fp>
        <fp>SO*</fp>
        <fp>PLCC*</fp>
      </footprints>
      <fields>
        <field name="Reference">U</field>
        <field name="Value">ATF22V10C</field>
      </fields>
      <pins>
        <pin num="1" name="I1/CLK" type="input"/>
        <pin num="2" name="I2" type="input"/>
        <pin num="3" name="I3" type="input"/>
        <pin num="4" name="I4/PD" type="input"/>
        <pin num="5" name="I5" type="input"/>
        <pin num="6" name="I6" type="input"/>
        <pin num="7" name="I7" type="input"/>
        <pin num="8" name="I8" type="input"/>
        <pin num="9" name="I9" type="input"/>
        <pin num="10" name="I10" type="input"/>
        <pin num="11" name="I11" type="input"/>
        <pin num="12" name="GND" type="power_in"/>
        <pin num="13" name="I12" type="input"/>
        <pin num="14" name="IO10" type="3state"/>
        <pin num="15" name="IO9" type="3state"/>
        <pin num="16" name="IO8" type="3state"/>
        <pin num="17" name="I07" type="3state"/>
        <pin num="18" name="IO6" type="3state"/>
        <pin num="19" name="IO5" type="3state"/>
        <pin num="20" name="IO4" type="3state"/>
        <pin num="21" name="I03" type="3state"/>
        <pin num="22" name="IO2" type="3state"/>
        <pin num="23" name="IO1" type="3state"/>
        <pin num="24" name="VCC" type="power_in"/>
      </pins>
    </libpart>
    <libpart lib="Device" part="C_Small">
      <description>Unpolarized capacitor, small symbol</description>
      <docs>~</docs>
      <footprints>
        <fp>C_*</fp>
      </footprints>
      <fields>
        <field name="Reference">C</field>
        <field name="Value">C_Small</field>
      </fields>
      <pins>
        <pin num="1" name="~" type="passive"/>
        <pin num="2" name="~" type="passive"/>
      </pins>
    </libpart>
    <libpart lib="Device" part="Crystal">
      <description>Two pin crystal</description>
      <docs>~</docs>
      <footprints>
        <fp>Crystal*</fp>
      </footprints>
      <fields>
        <field name="Reference">Y</field>
        <field name="Value">Crystal</field>
      </fields>
      <pins>
        <pin num="1" name="1" type="passive"/>
        <pin num="2" name="2" type="passive"/>
      </pins>
    </libpart>
    <libpart lib="Interface_UART" part="MAX232">
      <aliases>
        <alias>MAX232I</alias>
        <alias>MAX202</alias>
        <alias>ADM232A</alias>
        <alias>MAX3232</alias>
        <alias>ICL3232</alias>
      </aliases>
      <description>Dual RS232 driver/receiver, 5V supply, 120kb/s, 0C-70C</description>
      <docs>http://www.ti.com/lit/ds/symlink/max232.pdf</docs>
      <footprints>
        <fp>SOIC*P1.27mm*</fp>
        <fp>DIP*W7.62mm*</fp>
        <fp>TSSOP*4.4x5mm*P0.65mm*</fp>
      </footprints>
      <fields>
        <field name="Reference">U</field>
        <field name="Value">MAX232</field>
      </fields>
      <pins>
        <pin num="1" name="C1+" type="passive"/>
        <pin num="2" name="VS+" type="power_out"/>
        <pin num="3" name="C1-" type="passive"/>
        <pin num="4" name="C2+" type="passive"/>
        <pin num="5" name="C2-" type="passive"/>
        <pin num="6" name="VS-" type="power_out"/>
        <pin num="7" name="T2OUT" type="output"/>
        <pin num="8" name="R2IN" type="input"/>
        <pin num="9" name="R2OUT" type="output"/>
        <pin num="10" name="T2IN" type="input"/>
        <pin num="11" name="T1IN" type="input"/>
        <pin num="12" name="R1OUT" type="output"/>
        <pin num="13" name="R1IN" type="input"/>
        <pin num="14" name="T1OUT" type="output"/>
        <pin num="15" name="GND" type="power_in"/>
        <pin num="16" name="VCC" type="power_in"/>
      </pins>
    </libpart>
    <libpart lib="MCU_Microchip_ATmega" part="ATmega48PV-10PU">
      <aliases>
        <alias>ATmega48P-20PU</alias>
        <alias>ATmega48A-PU</alias>
        <alias>ATmega48PA-PU</alias>
        <alias>ATmega88PV-10PU</alias>
        <alias>ATmega88P-20PU</alias>
        <alias>ATmega88A-PU</alias>
        <alias>ATmega88PA-PU</alias>
        <alias>ATmega168PV-10PU</alias>
        <alias>ATmega168P-20PU</alias>
        <alias>ATmega168A-PU</alias>
        <alias>ATmega168PA-PU</alias>
        <alias>ATmega328-PU</alias>
        <alias>ATmega328P-PU</alias>
      </aliases>
      <description>10MHz, 4kB Flash, 512B SRAM, 256B EEPROM, DIP-28</description>
      <docs>http://ww1.microchip.com/downloads/en/DeviceDoc/Atmel-8025-8-bit-AVR-Microcontroller-ATmega48P-88P-168P_Datasheet.pdf</docs>
      <footprints>
        <fp>DIP*W7.62mm*</fp>
      </footprints>
      <fields>
        <field name="Reference">U</field>
        <field name="Value">ATmega48PV-10PU</field>
        <field name="Footprint">Package_DIP:DIP-28_W7.62mm</field>
      </fields>
      <pins>
        <pin num="1" name="~RESET~/PC6" type="BiDi"/>
        <pin num="2" name="PD0" type="BiDi"/>
        <pin num="3" name="PD1" type="BiDi"/>
        <pin num="4" name="PD2" type="BiDi"/>
        <pin num="5" name="PD3" type="BiDi"/>
        <pin num="6" name="PD4" type="BiDi"/>
        <pin num="7" name="VCC" type="power_in"/>
        <pin num="8" name="GND" type="power_in"/>
        <pin num="9" name="XTAL1/PB6" type="BiDi"/>
        <pin num="10" name="XTAL2/PB7" type="BiDi"/>
        <pin num="11" name="PD5" type="BiDi"/>
        <pin num="12" name="PD6" type="BiDi"/>
        <pin num="13" name="PD7" type="BiDi"/>
        <pin num="14" name="PB0" type="BiDi"/>
        <pin num="15" name="PB1" type="BiDi"/>
        <pin num="16" name="PB2" type="BiDi"/>
        <pin num="17" name="PB3" type="BiDi"/>
        <pin num="18" name="PB4" type="BiDi"/>
        <pin num="19" name="PB5" type="BiDi"/>
        <pin num="20" name="AVCC" type="power_in"/>
        <pin num="21" name="AREF" type="passive"/>
        <pin num="22" name="GND" type="passive"/>
        <pin num="23" name="PC0" type="BiDi"/>
        <pin num="24" name="PC1" type="BiDi"/>
        <pin num="25" name="PC2" type="BiDi"/>
        <pin num="26" name="PC3" type="BiDi"/>
        <pin num="27" name="PC4" type="BiDi"/>
        <pin num="28" name="PC5" type="BiDi"/>
      </pins>
    </libpart>
    <libpart lib="Memory_RAM" part="AS6C4008-55PCN">
      <description>512K x 8 Low Power CMOS RAM, DIP-32</description>
      <docs>https://www.alliancememory.com/wp-content/uploads/pdf/AS6C4008.pdf</docs>
      <footprints>
        <fp>DIP*W15.24mm*</fp>
      </footprints>
      <fields>
        <field name="Reference">U</field>
        <field name="Value">AS6C4008-55PCN</field>
        <field name="Footprint">Package_DIP:DIP-32_W15.24mm</field>
      </fields>
      <pins>
        <pin num="1" name="A18" type="input"/>
        <pin num="2" name="A16" type="input"/>
        <pin num="3" name="A14" type="input"/>
        <pin num="4" name="A12" type="input"/>
        <pin num="5" name="A7" type="input"/>
        <pin num="6" name="A6" type="input"/>
        <pin num="7" name="A5" type="input"/>
        <pin num="8" name="A4" type="input"/>
        <pin num="9" name="A3" type="input"/>
        <pin num="10" name="A2" type="input"/>
        <pin num="11" name="A1" type="input"/>
        <pin num="12" name="A0" type="input"/>
        <pin num="13" name="DQ0" type="3state"/>
        <pin num="14" name="DQ1" type="3state"/>
        <pin num="15" name="DQ2" type="3state"/>
        <pin num="16" name="VSS" type="power_in"/>
        <pin num="17" name="DQ3" type="3state"/>
        <pin num="18" name="DQ4" type="3state"/>
        <pin num="19" name="DQ5" type="3state"/>
        <pin num="20" name="DQ6" type="3state"/>
        <pin num="21" name="DQ7" type="3state"/>
        <pin num="22" name="CE#" type="input"/>
        <pin num="23" name="A10" type="input"/>
        <pin num="24" name="OE#" type="input"/>
        <pin num="25" name="A11" type="input"/>
        <pin num="26" name="A9" type="input"/>
        <pin num="27" name="A8" type="input"/>
        <pin num="28" name="A13" type="input"/>
        <pin num="29" name="WE#" type="input"/>
        <pin num="30" name="A17" type="input"/>
        <pin num="31" name="A15" type="input"/>
        <pin num="32" name="VCC" type="power_in"/>
      </pins>
    </libpart>
    <libpart lib="Power_Supervisor" part="MCP120-xxxDxTO">
      <aliases>
        <alias>MCP130-xxxDxTO</alias>
      </aliases>
      <description>Microcontroller supervisory circuit, TO-92</description>
      <docs>http://ww1.microchip.com/downloads/en/DeviceDoc/11184d.pdf</docs>
      <footprints>
        <fp>TO*92*Inline*</fp>
      </footprints>
      <fields>
        <field name="Reference">U</field>
        <field name="Value">MCP120-xxxDxTO</field>
        <field name="Footprint">Package_TO_SOT_THT:TO-92_Inline</field>
      </fields>
      <pins>
        <pin num="1" name="~RST" type="openCol"/>
        <pin num="2" name="VDD" type="power_in"/>
        <pin num="3" name="VSS" type="power_in"/>
      </pins>
    </libpart>
    <libpart lib="Zilog_Z180" part="Z8-L180-S180-180-PLCC-68">
      <description>Zilog Z8S180 &amp; Z8L180, Z80 Microprocessor Z180 8bit CISC 68-Pin PLCC</description>
      <docs>http://www.mouser.com/ds/2/450/z8s180ps-28828.pdf</docs>
      <fields>
        <field name="Reference">IC</field>
        <field name="Value">Z8-L180-S180-180-PLCC-68</field>
        <field name="Footprint">Package_LCC:PLCC-68</field>
        <field name="Description">Zilog Z8S180 &amp; Z8L180, Z80 Microprocessor Z180 8bit CISC 68-Pin PLCC</field>
        <field name="Height">4.57</field>
        <field name="Manufacturer_Name">Zilog</field>
        <field name="Manufacturer_Part_Number">Z8S18033VSG</field>
        <field name="Mouser Part Number">692-Z8S18033VSG</field>
        <field name="Mouser Price/Stock">https://www.mouser.com/Search/Refine.aspx?Keyword=692-Z8S18033VSG</field>
        <field name="RS Part Number">6259270</field>
        <field name="RS Price/Stock">http://uk.rs-online.com/web/p/products/6259270</field>
        <field name="Allied_Number">R1000023</field>
        <field name="Allied Price/Stock">https://www.alliedelec.com/zilog-z8s18033vsg/R1000023/</field>
      </fields>
      <pins>
        <pin num="1" name="VSS_1" type="power_in"/>
        <pin num="2" name="VSS_2" type="power_in"/>
        <pin num="3" name="XTAL" type="input"/>
        <pin num="4" name="EXTAL" type="input"/>
        <pin num="5" name="~WAIT" type="input"/>
        <pin num="6" name="~BUSACK" type="output"/>
        <pin num="7" name="~BUSREQ" type="input"/>
        <pin num="8" name="~RESET" type="input"/>
        <pin num="9" name="~NMI" type="input"/>
        <pin num="10" name="~INT0" type="input"/>
        <pin num="11" name="~INT1" type="input"/>
        <pin num="12" name="~INT2" type="input"/>
        <pin num="13" name="ST" type="output"/>
        <pin num="14" name="A0" type="output"/>
        <pin num="15" name="A1" type="output"/>
        <pin num="16" name="A2" type="output"/>
        <pin num="17" name="A3" type="output"/>
        <pin num="18" name="VSS_3" type="power_in"/>
        <pin num="19" name="A4" type="output"/>
        <pin num="20" name="A5" type="output"/>
        <pin num="21" name="A6" type="output"/>
        <pin num="22" name="A7" type="output"/>
        <pin num="23" name="A8" type="output"/>
        <pin num="24" name="A9" type="output"/>
        <pin num="25" name="A10" type="output"/>
        <pin num="26" name="A11" type="output"/>
        <pin num="27" name="A12" type="output"/>
        <pin num="28" name="A13" type="output"/>
        <pin num="29" name="A14" type="output"/>
        <pin num="30" name="A15" type="output"/>
        <pin num="31" name="A16" type="output"/>
        <pin num="32" name="A17" type="output"/>
        <pin num="33" name="A18/TOUT" type="output"/>
        <pin num="34" name="VDD" type="power_in"/>
        <pin num="35" name="A19" type="output"/>
        <pin num="36" name="VSS_4" type="power_in"/>
        <pin num="37" name="D0" type="3state"/>
        <pin num="38" name="D1" type="3state"/>
        <pin num="39" name="D2" type="3state"/>
        <pin num="40" name="D3" type="3state"/>
        <pin num="41" name="D4" type="3state"/>
        <pin num="42" name="D5" type="3state"/>
        <pin num="43" name="D6" type="3state"/>
        <pin num="44" name="D7" type="3state"/>
        <pin num="45" name="~RTS0" type="output"/>
        <pin num="46" name="~CTS0" type="input"/>
        <pin num="47" name="~DCD0" type="input"/>
        <pin num="48" name="TXA0" type="output"/>
        <pin num="49" name="RXA0" type="input"/>
        <pin num="50" name="CKA0/~DREQ0" type="BiDi"/>
        <pin num="51" name="TXA1" type="output"/>
        <pin num="52" name="TEST" type="output"/>
        <pin num="53" name="RXA1" type="input"/>
        <pin num="54" name="CKA1/~TEND0" type="BiDi"/>
        <pin num="55" name="TXS" type="output"/>
        <pin num="56" name="RXS/~CTS1" type="input"/>
        <pin num="57" name="CKS" type="BiDi"/>
        <pin num="58" name="~DREQ1" type="input"/>
        <pin num="59" name="~TEND1" type="output"/>
        <pin num="60" name="~HALT" type="output"/>
        <pin num="61" name="~RFSH" type="output"/>
        <pin num="62" name="~IORQ" type="output"/>
        <pin num="63" name="~MREQ" type="output"/>
        <pin num="64" name="E" type="output"/>
        <pin num="65" name="~M1" type="output"/>
        <pin num="66" name="~WR" type="output"/>
        <pin num="67" name="~RD" type="output"/>
        <pin num="68" name="PHI" type="output"/>
      </pins>
    </libpart>
    <libpart lib="m27c2001-10f1-m27c2001-10f1" part="M27C2001-10F1-M27C2001-10F1">
      <fields>
        <field name="Reference">U</field>
        <field name="Value">M27C2001-10F1-M27C2001-10F1</field>
        <field name="Footprint">DIP254P1524X572-32</field>
        <field name="SUPPLIER">STMicroelectronics</field>
        <field name="PACKAGE">FDIP-32</field>
        <field name="OC_NEWARK">50M4293</field>
        <field name="OC_FARNELL">1334081</field>
        <field name="MPN">M27C2001-10F1</field>
      </fields>
      <pins>
        <pin num="1" name="VPP" type="power_in"/>
        <pin num="2" name="A16" type="input"/>
        <pin num="3" name="A15" type="input"/>
        <pin num="4" name="A12" type="input"/>
        <pin num="5" name="A7" type="input"/>
        <pin num="6" name="A6" type="input"/>
        <pin num="7" name="A5" type="input"/>
        <pin num="8" name="A4" type="input"/>
        <pin num="9" name="A3" type="input"/>
        <pin num="10" name="A2" type="input"/>
        <pin num="11" name="A1" type="input"/>
        <pin num="12" name="A0" type="input"/>
        <pin num="13" name="Q0" type="output"/>
        <pin num="14" name="Q1" type="output"/>
        <pin num="15" name="Q2" type="output"/>
        <pin num="16" name="VSS" type="passive"/>
        <pin num="17" name="Q3" type="output"/>
        <pin num="18" name="Q4" type="output"/>
        <pin num="19" name="Q5" type="output"/>
        <pin num="20" name="Q6" type="output"/>
        <pin num="21" name="Q7" type="output"/>
        <pin num="22" name="~E" type="input"/>
        <pin num="23" name="A10" type="input"/>
        <pin num="24" name="~G" type="input"/>
        <pin num="25" name="A11" type="input"/>
        <pin num="26" name="A9" type="input"/>
        <pin num="27" name="A8" type="input"/>
        <pin num="28" name="A13" type="input"/>
        <pin num="29" name="A14" type="input"/>
        <pin num="30" name="A17" type="input"/>
        <pin num="31" name="~P" type="input"/>
        <pin num="32" name="VCC" type="power_in"/>
      </pins>
    </libpart>
  </libparts>
  <libraries>
    <library logical="74xx">
      <uri>/usr/share/kicad/library/74xx.lib</uri>
    </library>
    <library logical="ATF">
      <uri>/home/hal/KiCAD/symbols/PLD/ATF.lib</uri>
    </library>
    <library logical="Device">
      <uri>/usr/share/kicad/library/Device.lib</uri>
    </library>
    <library logical="Interface_UART">
      <uri>/usr/share/kicad/library/Interface_UART.lib</uri>
    </library>
    <library logical="MCU_Microchip_ATmega">
      <uri>/usr/share/kicad/library/MCU_Microchip_ATmega.lib</uri>
    </library>
    <library logical="Memory_RAM">
      <uri>/usr/share/kicad/library/Memory_RAM.lib</uri>
    </library>
    <library logical="Power_Supervisor">
      <uri>/usr/share/kicad/library/Power_Supervisor.lib</uri>
    </library>
    <library logical="Zilog_Z180">
      <uri>/home/hal/sourcecode/Z80-CPU-for-KiCAD/Zilog_Z180.lib</uri>
    </library>
    <library logical="m27c2001-10f1-m27c2001-10f1">
      <uri>/home/hal/KiCAD/symbols/EPROM/m27c2001-10f1-m27c2001-10f1.lib</uri>
    </library>
  </libraries>
  <nets>
    <net code="1" name="Net-(U1-Pad16)">
      <node ref="U1" pin="16"/>
    </net>
    <net code="2" name="Net-(U1-Pad24)">
      <node ref="U1" pin="24"/>
    </net>
    <net code="3" name="Net-(U1-Pad23)">
      <node ref="U1" pin="23"/>
    </net>
    <net code="4" name="Net-(U1-Pad22)">
      <node ref="U1" pin="22"/>
    </net>
    <net code="5" name="Net-(U1-Pad21)">
      <node ref="U1" pin="21"/>
    </net>
    <net code="6" name="Net-(U1-Pad20)">
      <node ref="U1" pin="20"/>
    </net>
    <net code="7" name="Net-(U1-Pad2)">
      <node ref="U1" pin="2"/>
    </net>
    <net code="8" name="Net-(U1-Pad19)">
      <node ref="U1" pin="19"/>
    </net>
    <net code="9" name="Net-(U1-Pad18)">
      <node ref="U1" pin="18"/>
    </net>
    <net code="10" name="Net-(U1-Pad17)">
      <node ref="U1" pin="17"/>
    </net>
    <net code="11" name="Net-(U1-Pad25)">
      <node ref="U1" pin="25"/>
    </net>
    <net code="12" name="Net-(U1-Pad15)">
      <node ref="U1" pin="15"/>
    </net>
    <net code="13" name="Net-(U1-Pad14)">
      <node ref="U1" pin="14"/>
    </net>
    <net code="14" name="Net-(U1-Pad13)">
      <node ref="U1" pin="13"/>
    </net>
    <net code="15" name="Net-(U1-Pad12)">
      <node ref="U1" pin="12"/>
    </net>
    <net code="16" name="Net-(U1-Pad11)">
      <node ref="U1" pin="11"/>
    </net>
    <net code="17" name="Net-(U1-Pad10)">
      <node ref="U1" pin="10"/>
    </net>
    <net code="18" name="Net-(U1-Pad1)">
      <node ref="U1" pin="1"/>
    </net>
    <net code="19" name="Net-(U6-Pad9)">
      <node ref="U6" pin="9"/>
    </net>
    <net code="20" name="Net-(U1-Pad4)">
      <node ref="U1" pin="4"/>
    </net>
    <net code="21" name="Net-(U4-Pad1)">
      <node ref="U4" pin="1"/>
    </net>
    <net code="22" name="Net-(U4-Pad2)">
      <node ref="U4" pin="2"/>
    </net>
    <net code="23" name="Net-(C2-Pad1)">
      <node ref="C2" pin="1"/>
      <node ref="Y1" pin="2"/>
    </net>
    <net code="24" name="Net-(U1-Pad9)">
      <node ref="U1" pin="9"/>
    </net>
    <net code="25" name="Net-(U1-Pad8)">
      <node ref="U1" pin="8"/>
    </net>
    <net code="26" name="Net-(U1-Pad7)">
      <node ref="U1" pin="7"/>
    </net>
    <net code="27" name="Net-(U1-Pad6)">
      <node ref="U1" pin="6"/>
    </net>
    <net code="28" name="Net-(U1-Pad5)">
      <node ref="U1" pin="5"/>
    </net>
    <net code="29" name="Net-(U6-Pad8)">
      <node ref="U6" pin="8"/>
    </net>
    <net code="30" name="Net-(U1-Pad32)">
      <node ref="U1" pin="32"/>
    </net>
    <net code="31" name="Net-(U1-Pad31)">
      <node ref="U1" pin="31"/>
    </net>
    <net code="32" name="Net-(U1-Pad30)">
      <node ref="U1" pin="30"/>
    </net>
    <net code="33" name="Net-(U1-Pad3)">
      <node ref="U1" pin="3"/>
    </net>
    <net code="34" name="Net-(U1-Pad29)">
      <node ref="U1" pin="29"/>
    </net>
    <net code="35" name="Net-(U1-Pad28)">
      <node ref="U1" pin="28"/>
    </net>
    <net code="36" name="Net-(U1-Pad27)">
      <node ref="U1" pin="27"/>
    </net>
    <net code="37" name="Net-(U1-Pad26)">
      <node ref="U1" pin="26"/>
    </net>
    <net code="38" name="Net-(U7-Pad11)">
      <node ref="U7" pin="11"/>
    </net>
    <net code="39" name="Net-(U7-Pad5)">
      <node ref="U7" pin="5"/>
    </net>
    <net code="40" name="Net-(U7-Pad4)">
      <node ref="U7" pin="4"/>
    </net>
    <net code="41" name="Net-(U7-Pad3)">
      <node ref="U7" pin="3"/>
    </net>
    <net code="42" name="Net-(U7-Pad2)">
      <node ref="U7" pin="2"/>
    </net>
    <net code="43" name="Net-(U7-Pad16)">
      <node ref="U7" pin="16"/>
    </net>
    <net code="44" name="Net-(U7-Pad15)">
      <node ref="U7" pin="15"/>
    </net>
    <net code="45" name="Net-(U7-Pad14)">
      <node ref="U7" pin="14"/>
    </net>
    <net code="46" name="Net-(U7-Pad13)">
      <node ref="U7" pin="13"/>
    </net>
    <net code="47" name="Net-(U7-Pad12)">
      <node ref="U7" pin="12"/>
    </net>
    <net code="48" name="Net-(U7-Pad6)">
      <node ref="U7" pin="6"/>
    </net>
    <net code="49" name="Net-(U7-Pad10)">
      <node ref="U7" pin="10"/>
    </net>
    <net code="50" name="Net-(U7-Pad1)">
      <node ref="U7" pin="1"/>
    </net>
    <net code="51" name="Net-(U2-Pad9)">
      <node ref="U2" pin="9"/>
    </net>
    <net code="52" name="Net-(U2-Pad8)">
      <node ref="U2" pin="8"/>
    </net>
    <net code="53" name="Net-(U2-Pad7)">
      <node ref="U2" pin="7"/>
    </net>
    <net code="54" name="Net-(U2-Pad6)">
      <node ref="U2" pin="6"/>
    </net>
    <net code="55" name="Net-(U2-Pad5)">
      <node ref="U2" pin="5"/>
    </net>
    <net code="56" name="Net-(U2-Pad4)">
      <node ref="U2" pin="4"/>
    </net>
    <net code="57" name="Net-(U6-Pad14)">
      <node ref="U6" pin="14"/>
    </net>
    <net code="58" name="Net-(U6-Pad7)">
      <node ref="U6" pin="7"/>
    </net>
    <net code="59" name="Net-(U6-Pad6)">
      <node ref="U6" pin="6"/>
    </net>
    <net code="60" name="Net-(U6-Pad5)">
      <node ref="U6" pin="5"/>
    </net>
    <net code="61" name="Net-(U6-Pad4)">
      <node ref="U6" pin="4"/>
    </net>
    <net code="62" name="Net-(U6-Pad3)">
      <node ref="U6" pin="3"/>
    </net>
    <net code="63" name="Net-(U6-Pad2)">
      <node ref="U6" pin="2"/>
    </net>
    <net code="64" name="Net-(U6-Pad16)">
      <node ref="U6" pin="16"/>
    </net>
    <net code="65" name="Net-(U6-Pad15)">
      <node ref="U6" pin="15"/>
    </net>
    <net code="66" name="Net-(U4-Pad3)">
      <node ref="U4" pin="3"/>
    </net>
    <net code="67" name="Net-(U6-Pad13)">
      <node ref="U6" pin="13"/>
    </net>
    <net code="68" name="Net-(U6-Pad12)">
      <node ref="U6" pin="12"/>
    </net>
    <net code="69" name="Net-(U6-Pad11)">
      <node ref="U6" pin="11"/>
    </net>
    <net code="70" name="Net-(U6-Pad10)">
      <node ref="U6" pin="10"/>
    </net>
    <net code="71" name="Net-(U6-Pad1)">
      <node ref="U6" pin="1"/>
    </net>
    <net code="72" name="Net-(U7-Pad9)">
      <node ref="U7" pin="9"/>
    </net>
    <net code="73" name="Net-(U7-Pad8)">
      <node ref="U7" pin="8"/>
    </net>
    <net code="74" name="Net-(U7-Pad7)">
      <node ref="U7" pin="7"/>
    </net>
    <net code="75" name="Net-(U10-Pad1)">
      <node ref="U10" pin="1"/>
    </net>
    <net code="76" name="Net-(U10-Pad13)">
      <node ref="U10" pin="13"/>
    </net>
    <net code="77" name="Net-(U10-Pad12)">
      <node ref="U10" pin="12"/>
    </net>
    <net code="78" name="Net-(U10-Pad11)">
      <node ref="U10" pin="11"/>
    </net>
    <net code="79" name="Net-(U10-Pad10)">
      <node ref="U10" pin="10"/>
    </net>
    <net code="80" name="Net-(U10-Pad6)">
      <node ref="U10" pin="6"/>
    </net>
    <net code="81" name="Net-(U10-Pad5)">
      <node ref="U10" pin="5"/>
    </net>
    <net code="82" name="Net-(U10-Pad4)">
      <node ref="U10" pin="4"/>
    </net>
    <net code="83" name="Net-(U10-Pad3)">
      <node ref="U10" pin="3"/>
    </net>
    <net code="84" name="Net-(U10-Pad2)">
      <node ref="U10" pin="2"/>
    </net>
    <net code="85" name="Net-(U10-Pad8)">
      <node ref="U10" pin="8"/>
    </net>
    <net code="86" name="GND">
      <node ref="C1" pin="2"/>
      <node ref="C2" pin="2"/>
    </net>
    <net code="87" name="Net-(U9-Pad6)">
      <node ref="U9" pin="6"/>
    </net>
    <net code="88" name="Net-(U9-Pad7)">
      <node ref="U9" pin="7"/>
    </net>
    <net code="89" name="Net-(U9-Pad14)">
      <node ref="U9" pin="14"/>
    </net>
    <net code="90" name="Net-(U9-Pad9)">
      <node ref="U9" pin="9"/>
    </net>
    <net code="91" name="Net-(U9-Pad8)">
      <node ref="U9" pin="8"/>
    </net>
    <net code="92" name="Net-(U9-Pad13)">
      <node ref="U9" pin="13"/>
    </net>
    <net code="93" name="Net-(U9-Pad12)">
      <node ref="U9" pin="12"/>
    </net>
    <net code="94" name="Net-(U9-Pad11)">
      <node ref="U9" pin="11"/>
    </net>
    <net code="95" name="Net-(U9-Pad10)">
      <node ref="U9" pin="10"/>
    </net>
    <net code="96" name="Net-(U9-Pad5)">
      <node ref="U9" pin="5"/>
    </net>
    <net code="97" name="Net-(U9-Pad4)">
      <node ref="U9" pin="4"/>
    </net>
    <net code="98" name="Net-(U9-Pad3)">
      <node ref="U9" pin="3"/>
    </net>
    <net code="99" name="Net-(U9-Pad2)">
      <node ref="U9" pin="2"/>
    </net>
    <net code="100" name="Net-(U9-Pad1)">
      <node ref="U9" pin="1"/>
    </net>
    <net code="101" name="Net-(U10-Pad7)">
      <node ref="U10" pin="7"/>
    </net>
    <net code="102" name="Net-(U10-Pad14)">
      <node ref="U10" pin="14"/>
    </net>
    <net code="103" name="Net-(U10-Pad9)">
      <node ref="U10" pin="9"/>
    </net>
    <net code="104" name="Net-(U8-Pad17)">
      <node ref="U8" pin="17"/>
    </net>
    <net code="105" name="Net-(U8-Pad25)">
      <node ref="U8" pin="25"/>
    </net>
    <net code="106" name="Net-(U8-Pad24)">
      <node ref="U8" pin="24"/>
    </net>
    <net code="107" name="Net-(U8-Pad23)">
      <node ref="U8" pin="23"/>
    </net>
    <net code="108" name="Net-(U8-Pad22)">
      <node ref="U8" pin="22"/>
      <node ref="U8" pin="8"/>
    </net>
    <net code="109" name="Net-(U8-Pad21)">
      <node ref="U8" pin="21"/>
    </net>
    <net code="110" name="Net-(U8-Pad20)">
      <node ref="U8" pin="20"/>
    </net>
    <net code="111" name="Net-(U8-Pad2)">
      <node ref="U8" pin="2"/>
    </net>
    <net code="112" name="Net-(U8-Pad19)">
      <node ref="U8" pin="19"/>
    </net>
    <net code="113" name="Net-(U8-Pad18)">
      <node ref="U8" pin="18"/>
    </net>
    <net code="114" name="Net-(U8-Pad26)">
      <node ref="U8" pin="26"/>
    </net>
    <net code="115" name="Net-(U8-Pad16)">
      <node ref="U8" pin="16"/>
    </net>
    <net code="116" name="Net-(U8-Pad15)">
      <node ref="U8" pin="15"/>
    </net>
    <net code="117" name="Net-(U8-Pad14)">
      <node ref="U8" pin="14"/>
    </net>
    <net code="118" name="Net-(U8-Pad13)">
      <node ref="U8" pin="13"/>
    </net>
    <net code="119" name="Net-(U8-Pad12)">
      <node ref="U8" pin="12"/>
    </net>
    <net code="120" name="Net-(U8-Pad11)">
      <node ref="U8" pin="11"/>
    </net>
    <net code="121" name="Net-(U8-Pad10)">
      <node ref="U8" pin="10"/>
    </net>
    <net code="122" name="Net-(U8-Pad1)">
      <node ref="U8" pin="1"/>
    </net>
    <net code="123" name="Net-(U8-Pad9)">
      <node ref="U8" pin="9"/>
    </net>
    <net code="124" name="Net-(C1-Pad1)">
      <node ref="Y1" pin="1"/>
      <node ref="C1" pin="1"/>
    </net>
    <net code="125" name="Net-(U2-Pad31)">
      <node ref="U2" pin="31"/>
    </net>
    <net code="126" name="Net-(U8-Pad7)">
      <node ref="U8" pin="7"/>
    </net>
    <net code="127" name="Net-(U8-Pad6)">
      <node ref="U8" pin="6"/>
    </net>
    <net code="128" name="Net-(U8-Pad5)">
      <node ref="U8" pin="5"/>
    </net>
    <net code="129" name="Net-(U8-Pad4)">
      <node ref="U8" pin="4"/>
    </net>
    <net code="130" name="Net-(U8-Pad3)">
      <node ref="U8" pin="3"/>
    </net>
    <net code="131" name="Net-(U8-Pad28)">
      <node ref="U8" pin="28"/>
    </net>
    <net code="132" name="Net-(U8-Pad27)">
      <node ref="U8" pin="27"/>
    </net>
    <net code="133" name="Net-(IC1-Pad51)">
      <node ref="IC1" pin="51"/>
    </net>
    <net code="134" name="Net-(IC1-Pad6)">
      <node ref="IC1" pin="6"/>
    </net>
    <net code="135" name="Net-(IC1-Pad59)">
      <node ref="IC1" pin="59"/>
    </net>
    <net code="136" name="Net-(IC1-Pad58)">
      <node ref="IC1" pin="58"/>
    </net>
    <net code="137" name="Net-(IC1-Pad57)">
      <node ref="IC1" pin="57"/>
    </net>
    <net code="138" name="Net-(IC1-Pad56)">
      <node ref="IC1" pin="56"/>
    </net>
    <net code="139" name="Net-(IC1-Pad55)">
      <node ref="IC1" pin="55"/>
    </net>
    <net code="140" name="Net-(IC1-Pad54)">
      <node ref="IC1" pin="54"/>
    </net>
    <net code="141" name="Net-(IC1-Pad53)">
      <node ref="IC1" pin="53"/>
    </net>
    <net code="142" name="Net-(IC1-Pad52)">
      <node ref="IC1" pin="52"/>
    </net>
    <net code="143" name="Net-(IC1-Pad60)">
      <node ref="IC1" pin="60"/>
    </net>
    <net code="144" name="Net-(IC1-Pad50)">
      <node ref="IC1" pin="50"/>
    </net>
    <net code="145" name="Net-(IC1-Pad5)">
      <node ref="IC1" pin="5"/>
    </net>
    <net code="146" name="Net-(IC1-Pad49)">
      <node ref="IC1" pin="49"/>
    </net>
    <net code="147" name="Net-(IC1-Pad48)">
      <node ref="IC1" pin="48"/>
    </net>
    <net code="148" name="Net-(IC1-Pad47)">
      <node ref="IC1" pin="47"/>
    </net>
    <net code="149" name="Net-(IC1-Pad46)">
      <node ref="IC1" pin="46"/>
    </net>
    <net code="150" name="Net-(IC1-Pad45)">
      <node ref="IC1" pin="45"/>
    </net>
    <net code="151" name="Net-(IC1-Pad44)">
      <node ref="IC1" pin="44"/>
    </net>
    <net code="152" name="Net-(IC1-Pad7)">
      <node ref="IC1" pin="7"/>
    </net>
    <net code="153" name="Net-(U5-Pad14)">
      <node ref="U5" pin="14"/>
    </net>
    <net code="154" name="Net-(U5-Pad13)">
      <node ref="U5" pin="13"/>
    </net>
    <net code="155" name="Net-(U5-Pad11)">
      <node ref="U5" pin="11"/>
    </net>
    <net code="156" name="Net-(U5-Pad10)">
      <node ref="U5" pin="10"/>
    </net>
    <net code="157" name="Net-(U5-Pad1)">
      <node ref="U5" pin="1"/>
    </net>
    <net code="158" name="Net-(U5-Pad24)">
      <node ref="U5" pin="24"/>
    </net>
    <net code="159" name="Net-(U5-Pad12)">
      <node ref="U5" pin="12"/>
    </net>
    <net code="160" name="Net-(IC1-Pad9)">
      <node ref="IC1" pin="9"/>
    </net>
    <net code="161" name="Net-(IC1-Pad8)">
      <node ref="IC1" pin="8"/>
    </net>
    <net code="162" name="Net-(IC1-Pad43)">
      <node ref="IC1" pin="43"/>
    </net>
    <net code="163" name="Net-(IC1-Pad68)">
      <node ref="IC1" pin="68"/>
    </net>
    <net code="164" name="Net-(IC1-Pad67)">
      <node ref="IC1" pin="67"/>
    </net>
    <net code="165" name="Net-(IC1-Pad66)">
      <node ref="IC1" pin="66"/>
    </net>
    <net code="166" name="Net-(IC1-Pad65)">
      <node ref="IC1" pin="65"/>
    </net>
    <net code="167" name="Net-(IC1-Pad64)">
      <node ref="IC1" pin="64"/>
    </net>
    <net code="168" name="Net-(IC1-Pad63)">
      <node ref="IC1" pin="63"/>
    </net>
    <net code="169" name="Net-(IC1-Pad62)">
      <node ref="IC1" pin="62"/>
    </net>
    <net code="170" name="Net-(IC1-Pad61)">
      <node ref="IC1" pin="61"/>
    </net>
    <net code="171" name="Net-(IC1-Pad18)">
      <node ref="IC1" pin="18"/>
    </net>
    <net code="172" name="Net-(IC1-Pad26)">
      <node ref="IC1" pin="26"/>
    </net>
    <net code="173" name="Net-(IC1-Pad25)">
      <node ref="IC1" pin="25"/>
    </net>
    <net code="174" name="Net-(IC1-Pad24)">
      <node ref="IC1" pin="24"/>
    </net>
    <net code="175" name="Net-(IC1-Pad23)">
      <node ref="IC1" pin="23"/>
    </net>
    <net code="176" name="Net-(IC1-Pad22)">
      <node ref="IC1" pin="22"/>
    </net>
    <net code="177" name="Net-(IC1-Pad21)">
      <node ref="IC1" pin="21"/>
    </net>
    <net code="178" name="Net-(IC1-Pad20)">
      <node ref="IC1" pin="20"/>
    </net>
    <net code="179" name="Net-(IC1-Pad2)">
      <node ref="IC1" pin="2"/>
    </net>
    <net code="180" name="Net-(IC1-Pad19)">
      <node ref="IC1" pin="19"/>
    </net>
    <net code="181" name="Net-(IC1-Pad27)">
      <node ref="IC1" pin="27"/>
    </net>
    <net code="182" name="Net-(IC1-Pad17)">
      <node ref="IC1" pin="17"/>
    </net>
    <net code="183" name="Net-(IC1-Pad16)">
      <node ref="IC1" pin="16"/>
    </net>
    <net code="184" name="Net-(IC1-Pad15)">
      <node ref="IC1" pin="15"/>
    </net>
    <net code="185" name="Net-(IC1-Pad14)">
      <node ref="IC1" pin="14"/>
    </net>
    <net code="186" name="Net-(IC1-Pad13)">
      <node ref="IC1" pin="13"/>
    </net>
    <net code="187" name="Net-(IC1-Pad12)">
      <node ref="IC1" pin="12"/>
    </net>
    <net code="188" name="Net-(IC1-Pad11)">
      <node ref="IC1" pin="11"/>
    </net>
    <net code="189" name="Net-(IC1-Pad10)">
      <node ref="IC1" pin="10"/>
    </net>
    <net code="190" name="Net-(IC1-Pad35)">
      <node ref="IC1" pin="35"/>
    </net>
    <net code="191" name="Net-(IC1-Pad42)">
      <node ref="IC1" pin="42"/>
    </net>
    <net code="192" name="Net-(IC1-Pad41)">
      <node ref="IC1" pin="41"/>
    </net>
    <net code="193" name="Net-(IC1-Pad40)">
      <node ref="IC1" pin="40"/>
    </net>
    <net code="194" name="Net-(IC1-Pad4)">
      <node ref="IC1" pin="4"/>
    </net>
    <net code="195" name="Net-(IC1-Pad39)">
      <node ref="IC1" pin="39"/>
    </net>
    <net code="196" name="Net-(IC1-Pad38)">
      <node ref="IC1" pin="38"/>
    </net>
    <net code="197" name="Net-(IC1-Pad37)">
      <node ref="IC1" pin="37"/>
    </net>
    <net code="198" name="Net-(IC1-Pad36)">
      <node ref="IC1" pin="36"/>
    </net>
    <net code="199" name="Net-(U5-Pad15)">
      <node ref="U5" pin="15"/>
    </net>
    <net code="200" name="Net-(IC1-Pad34)">
      <node ref="IC1" pin="34"/>
    </net>
    <net code="201" name="Net-(IC1-Pad33)">
      <node ref="IC1" pin="33"/>
    </net>
    <net code="202" name="Net-(IC1-Pad32)">
      <node ref="IC1" pin="32"/>
    </net>
    <net code="203" name="Net-(IC1-Pad31)">
      <node ref="IC1" pin="31"/>
    </net>
    <net code="204" name="Net-(IC1-Pad30)">
      <node ref="IC1" pin="30"/>
    </net>
    <net code="205" name="Net-(IC1-Pad3)">
      <node ref="IC1" pin="3"/>
    </net>
    <net code="206" name="Net-(IC1-Pad29)">
      <node ref="IC1" pin="29"/>
    </net>
    <net code="207" name="Net-(IC1-Pad28)">
      <node ref="IC1" pin="28"/>
    </net>
    <net code="208" name="Net-(U3-Pad7)">
      <node ref="U3" pin="7"/>
    </net>
    <net code="209" name="Net-(U2-Pad13)">
      <node ref="U2" pin="13"/>
    </net>
    <net code="210" name="Net-(U2-Pad12)">
      <node ref="U2" pin="12"/>
    </net>
    <net code="211" name="Net-(U2-Pad11)">
      <node ref="U2" pin="11"/>
    </net>
    <net code="212" name="Net-(U2-Pad10)">
      <node ref="U2" pin="10"/>
    </net>
    <net code="213" name="Net-(U2-Pad1)">
      <node ref="U2" pin="1"/>
    </net>
    <net code="214" name="Net-(U2-Pad32)">
      <node ref="U2" pin="32"/>
    </net>
    <net code="215" name="Net-(U2-Pad16)">
      <node ref="U2" pin="16"/>
    </net>
    <net code="216" name="Net-(U3-Pad9)">
      <node ref="U3" pin="9"/>
    </net>
    <net code="217" name="Net-(U3-Pad8)">
      <node ref="U3" pin="8"/>
    </net>
    <net code="218" name="Net-(U2-Pad14)">
      <node ref="U2" pin="14"/>
    </net>
    <net code="219" name="Net-(U3-Pad6)">
      <node ref="U3" pin="6"/>
    </net>
    <net code="220" name="Net-(U3-Pad5)">
      <node ref="U3" pin="5"/>
    </net>
    <net code="221" name="Net-(U3-Pad4)">
      <node ref="U3" pin="4"/>
    </net>
    <net code="222" name="Net-(U3-Pad31)">
      <node ref="U3" pin="31"/>
    </net>
    <net code="223" name="Net-(U3-Pad30)">
      <node ref="U3" pin="30"/>
    </net>
    <net code="224" name="Net-(U3-Pad3)">
      <node ref="U3" pin="3"/>
    </net>
    <net code="225" name="Net-(U3-Pad29)">
      <node ref="U3" pin="29"/>
    </net>
    <net code="226" name="Net-(U3-Pad28)">
      <node ref="U3" pin="28"/>
    </net>
    <net code="227" name="Net-(U2-Pad23)">
      <node ref="U2" pin="23"/>
    </net>
    <net code="228" name="Net-(U2-Pad30)">
      <node ref="U2" pin="30"/>
    </net>
    <net code="229" name="Net-(U2-Pad3)">
      <node ref="U2" pin="3"/>
    </net>
    <net code="230" name="Net-(U2-Pad29)">
      <node ref="U2" pin="29"/>
    </net>
    <net code="231" name="Net-(U2-Pad28)">
      <node ref="U2" pin="28"/>
    </net>
    <net code="232" name="Net-(U2-Pad27)">
      <node ref="U2" pin="27"/>
    </net>
    <net code="233" name="Net-(U2-Pad26)">
      <node ref="U2" pin="26"/>
    </net>
    <net code="234" name="Net-(U2-Pad25)">
      <node ref="U2" pin="25"/>
    </net>
    <net code="235" name="Net-(U2-Pad24)">
      <node ref="U2" pin="24"/>
    </net>
    <net code="236" name="Net-(U3-Pad27)">
      <node ref="U3" pin="27"/>
    </net>
    <net code="237" name="Net-(U2-Pad22)">
      <node ref="U2" pin="22"/>
    </net>
    <net code="238" name="Net-(U2-Pad21)">
      <node ref="U2" pin="21"/>
    </net>
    <net code="239" name="Net-(U2-Pad20)">
      <node ref="U2" pin="20"/>
    </net>
    <net code="240" name="Net-(U2-Pad2)">
      <node ref="U2" pin="2"/>
    </net>
    <net code="241" name="Net-(U2-Pad19)">
      <node ref="U2" pin="19"/>
    </net>
    <net code="242" name="Net-(U2-Pad18)">
      <node ref="U2" pin="18"/>
    </net>
    <net code="243" name="Net-(U2-Pad17)">
      <node ref="U2" pin="17"/>
    </net>
    <net code="244" name="Net-(U2-Pad15)">
      <node ref="U2" pin="15"/>
    </net>
    <net code="245" name="Net-(U5-Pad23)">
      <node ref="U5" pin="23"/>
    </net>
    <net code="246" name="Net-(U3-Pad32)">
      <node ref="U3" pin="32"/>
    </net>
    <net code="247" name="Net-(U3-Pad16)">
      <node ref="U3" pin="16"/>
    </net>
    <net code="248" name="Net-(U5-Pad9)">
      <node ref="U5" pin="9"/>
    </net>
    <net code="249" name="Net-(U5-Pad8)">
      <node ref="U5" pin="8"/>
    </net>
    <net code="250" name="Net-(U5-Pad7)">
      <node ref="U5" pin="7"/>
    </net>
    <net code="251" name="Net-(U5-Pad6)">
      <node ref="U5" pin="6"/>
    </net>
    <net code="252" name="Net-(U5-Pad5)">
      <node ref="U5" pin="5"/>
    </net>
    <net code="253" name="Net-(U5-Pad4)">
      <node ref="U5" pin="4"/>
    </net>
    <net code="254" name="Net-(U5-Pad3)">
      <node ref="U5" pin="3"/>
    </net>
    <net code="255" name="Net-(U3-Pad1)">
      <node ref="U3" pin="1"/>
    </net>
    <net code="256" name="Net-(U5-Pad22)">
      <node ref="U5" pin="22"/>
    </net>
    <net code="257" name="Net-(U5-Pad21)">
      <node ref="U5" pin="21"/>
    </net>
    <net code="258" name="Net-(U5-Pad20)">
      <node ref="U5" pin="20"/>
    </net>
    <net code="259" name="Net-(U5-Pad2)">
      <node ref="U5" pin="2"/>
    </net>
    <net code="260" name="Net-(U5-Pad19)">
      <node ref="U5" pin="19"/>
    </net>
    <net code="261" name="Net-(U5-Pad18)">
      <node ref="U5" pin="18"/>
    </net>
    <net code="262" name="Net-(U5-Pad17)">
      <node ref="U5" pin="17"/>
    </net>
    <net code="263" name="Net-(U5-Pad16)">
      <node ref="U5" pin="16"/>
    </net>
    <net code="264" name="Net-(U3-Pad19)">
      <node ref="U3" pin="19"/>
    </net>
    <net code="265" name="Net-(U3-Pad26)">
      <node ref="U3" pin="26"/>
    </net>
    <net code="266" name="Net-(U3-Pad25)">
      <node ref="U3" pin="25"/>
    </net>
    <net code="267" name="Net-(U3-Pad24)">
      <node ref="U3" pin="24"/>
    </net>
    <net code="268" name="Net-(U3-Pad23)">
      <node ref="U3" pin="23"/>
    </net>
    <net code="269" name="Net-(U3-Pad22)">
      <node ref="U3" pin="22"/>
    </net>
    <net code="270" name="Net-(U3-Pad21)">
      <node ref="U3" pin="21"/>
    </net>
    <net code="271" name="Net-(U3-Pad20)">
      <node ref="U3" pin="20"/>
    </net>
    <net code="272" name="Net-(U3-Pad2)">
      <node ref="U3" pin="2"/>
    </net>
    <net code="273" name="Net-(IC1-Pad1)">
      <node ref="IC1" pin="1"/>
    </net>
    <net code="274" name="Net-(U3-Pad18)">
      <node ref="U3" pin="18"/>
    </net>
    <net code="275" name="Net-(U3-Pad17)">
      <node ref="U3" pin="17"/>
    </net>
    <net code="276" name="Net-(U3-Pad15)">
      <node ref="U3" pin="15"/>
    </net>
    <net code="277" name="Net-(U3-Pad14)">
      <node ref="U3" pin="14"/>
    </net>
    <net code="278" name="Net-(U3-Pad13)">
      <node ref="U3" pin="13"/>
    </net>
    <net code="279" name="Net-(U3-Pad12)">
      <node ref="U3" pin="12"/>
    </net>
    <net code="280" name="Net-(U3-Pad11)">
      <node ref="U3" pin="11"/>
    </net>
    <net code="281" name="Net-(U3-Pad10)">
      <node ref="U3" pin="10"/>
    </net>
  </nets>
</export>
